no_resi,gudang_asal,jasa_kirim,sesi,jumlah,sku,nama_toko,nama_marketplace,timestamp_input_data
004507778916,Jakarta,SiCepat REG,SESI 1,1,ZYY-INH-02,SP zhi yang yao,Shopee,2025-10-01 09:19:00
004507778917,Jakarta,SiCepat REG,SESI 1,1,ZYY-INH-02,SP zhi yang yao,Shopee,2025-10-01 09:19:00
004507784655,Jakarta,SiCepat REG,SESI 1,1,ZYY-INH-02,SP zhi yang yao,Shopee,2025-10-01 09:19:00
004507790395,Jakarta,SiCepat REG,SESI 1,1,ZYY-INH-02,SP zhi yang yao,Shopee,2025-10-01 09:19:00
004507793639,Jakarta,SiCepat REG,SESI 1,1,ZYY-INH-02,SP zhi yang yao,Shopee,2025-10-01 09:19:00
004507793643,Jakarta,SiCepat REG,SESI 1,1,ZYY-INH-02,SP zhi yang yao,Shopee,2025-10-01 09:19:00
004507793644,Jakarta,SiCepat REG,SESI 1,1,ZYY-INH-02,SP zhi yang yao,Shopee,2025-10-01 09:19:00
11002664111935,Jakarta,Anteraja Reguler,SESI 1,1,ZYY-INH-02,SP zhi yang yao,Shopee,2025-10-01 09:19:00
11002664878335,Jakarta,Anteraja Reguler,SESI 1,1,ZYY-INH-02,SP zhi yang yao,Shopee,2025-10-01 09:19:00
11002664878359,Jakarta,Anteraja Reguler,SESI 1,1,ZYY-INH-02,SP zhi yang yao,Shopee,2025-10-01 09:19:00
11002664878360,Jakarta,Anteraja Reguler,SESI 1,1,ZYY-INH-02,SP zhi yang yao,Shopee,2025-10-01 09:19:00
11002664878371,Jakarta,Anteraja Reguler,SESI 1,1,ZYY-SPR-60,SP zhi yang yao official store,Shopee,2025-10-01 09:19:00
11002664878382,Jakarta,Anteraja Reguler,SESI 1,1,ZYY-INH-02,SP zhi yang yao official store,Shopee,2025-10-01 09:19:00
11002664878755,Jakarta,Anteraja Economy,SESI 1,1,ZYY-INH-02,SP zhi yang yao,Shopee,2025-10-01 09:19:00
11002664880718,Jakarta,Anteraja Reguler,SESI 1,1,ZYY-INH-02,SP zhi yang yao official store,Shopee,2025-10-01 09:19:00
11002664907981,Jakarta,Anteraja Sameday,SESI 1,1,ZYY-SPR-60+ZYY-INH-02,SP zhi yang yao,Shopee,2025-10-01 09:19:00
CM83320751619,Jakarta,JNE Reguler,SESI 1,1,ZYY-INH-02,SP zhi yang yao,Shopee,2025-10-01 09:19:00
GK-11-834981052,Jakarta,Gojek,SESI 1,2,ZYY-ROL-04,TT zhi yang yao,TikTok,2025-10-01 09:19:00
GTL7009570207,Jakarta,GoTo Logistics GTL,SESI 1,1,ZYY-INH-02,TT zhi yang yao,TikTok,2025-10-01 09:19:00
GTL7016300237,Jakarta,GoTo Logistics GTL,SESI 1,1,ZYY-INH-02,TT zhi yang yao,TikTok,2025-10-01 09:19:00
GTL7016310237,Jakarta,GoTo Logistics GTL,SESI 1,1,ZYY-INH-02,TT zhi yang yao,TikTok,2025-10-01 09:19:00
GTL7018440147,Jakarta,GoTo Logistics GTL,SESI 1,1,ZYY-ROL-04,TT zhi yang yao,TikTok,2025-10-01 09:19:00
GTL7018450147,Jakarta,GoTo Logistics GTL,SESI 1,1,ZYY-INH-02,TT zhi yang yao,TikTok,2025-10-01 09:19:00
GTL7021920127,Jakarta,GoTo Logistics GTL,SESI 1,1,ZYY-ROL-04,TT zhi yang yao,TikTok,2025-10-01 09:19:00
GTL7029560207,Jakarta,GoTo Logistics GTL,SESI 1,1,ZYY-INH-02,TT zhi yang yao,TikTok,2025-10-01 09:19:00
GTL7029570207,Jakarta,GoTo Logistics GTL,SESI 1,1,ZYY-INH-02,TT zhi yang yao,TikTok,2025-10-01 09:19:00
GTL7036290237,Jakarta,GoTo Logistics GTL,SESI 1,1,ZYY-INH-02,TT zhi yang yao,TikTok,2025-10-01 09:19:00
GTL7038440147,Jakarta,GoTo Logistics GTL,SESI 1,1,ZYY-INH-02,TT zhi yang yao,TikTok,2025-10-01 09:19:00
GTL7040300257,Jakarta,GoTo Logistics GTL,SESI 1,1,ZYY-INH-02,TT zhi yang yao,TikTok,2025-10-01 09:19:00
GTL7041920127,Jakarta,GoTo Logistics GTL,SESI 1,1,ZYY-INH-02,TT zhi yang yao,TikTok,2025-10-01 09:19:00
GTL7049560207,Jakarta,GoTo Logistics GTL,SESI 1,1,ZYY-INH-02,TT zhi yang yao,TikTok,2025-10-01 09:19:00
GTL7049570207,Jakarta,GoTo Logistics GTL,SESI 1,1,ZYY-INH-02,TT zhi yang yao,TikTok,2025-10-01 09:19:00
GTL7058440147,Jakarta,GoTo Logistics GTL,SESI 1,1,ZYY-INH-02,TT zhi yang yao,TikTok,2025-10-01 09:19:00
GTL7060300257,Jakarta,GoTo Logistics GTL,SESI 1,1,ZYY-INH-02,TT zhi yang yao,TikTok,2025-10-01 09:19:00
GTL7061920127,Jakarta,GoTo Logistics GTL,SESI 1,1,ZYY-INH-02,TT zhi yang yao,TikTok,2025-10-01 09:19:00
GTL7069560207,Jakarta,GoTo Logistics GTL,SESI 1,1,ZYY-INH-02,TT zhi yang yao,TikTok,2025-10-01 09:19:00
GTL7076290237,Jakarta,GoTo Logistics GTL,SESI 1,1,ZYY-INH-02,TT zhi yang yao,TikTok,2025-10-01 09:19:00
GTL7078430147,Jakarta,GoTo Logistics GTL,SESI 1,1,ZYY-ROL-04,TT zhi yang yao,TikTok,2025-10-01 09:19:00
GTL7078440147,Jakarta,GoTo Logistics GTL,SESI 1,1,ZYY-INH-02,TT zhi yang yao,TikTok,2025-10-01 09:19:00
GTL7096290237,Jakarta,GoTo Logistics GTL,SESI 1,1,ZYY-INH-02,TT zhi yang yao,TikTok,2025-10-01 09:19:00
GTL7098430147,Jakarta,GoTo Logistics GTL,SESI 1,1,ZYY-INH-02,TT zhi yang yao,TikTok,2025-10-01 09:19:00
GTL7098440147,Jakarta,GoTo Logistics GTL,SESI 1,1,ZYY-INH-02,TT zhi yang yao,TikTok,2025-10-01 09:19:00
ID253455188361B,Jakarta,SPX Instant,SESI 1,1,ZYY-INH-02,SP zhi yang yao,Shopee,2025-10-01 09:19:00
ID254571209073C,Jakarta,GrabExpress Instant,SESI 1,1,ZYY-INH-02,SP zhi yang yao,Shopee,2025-10-01 09:19:00
IDS8000782929438,Jakarta,ID Express,SESI 1,1,ZYY-INH-02,SP zhi yang yao official store,Shopee,2025-10-01 09:19:00
IDS8001049839377,Jakarta,ID Express,SESI 1,1,ZYY-INH-02,SP zhi yang yao mart,Shopee,2025-10-01 09:19:00
IDS8002412816496,Jakarta,ID Express,SESI 1,1,ZYY-INH-02,SP zhi yang yao official store,Shopee,2025-10-01 09:19:00
JX6000346585,Jakarta,J&T Express,SESI 1,1,ZYY-INH-02,TT zhi yang yao,TikTok,2025-10-01 09:19:00
JX6000366585,Jakarta,J&T Express,SESI 1,1,ZYY-INH-02,TT zhi yang yao,TikTok,2025-10-01 09:19:00
JX6000386585,Jakarta,J&T Express,SESI 1,1,ZYY-INH-02,TT zhi yang yao,TikTok,2025-10-01 09:19:00
JX6000410577,Jakarta,J&T Express,SESI 1,1,ZYY-INH-02,TT zhi yang yao,TikTok,2025-10-01 09:19:00
JX6000430577,Jakarta,J&T Express,SESI 1,1,ZYY-INH-02,TT zhi yang yao,TikTok,2025-10-01 09:19:00
JX6000450577,Jakarta,J&T Express,SESI 1,1,ZYY-INH-02,TT zhi yang yao,TikTok,2025-10-01 09:19:00
JX6000501373,Jakarta,J&T Express,SESI 1,1,ZYY-INH-02,TT zhi yang yao,TikTok,2025-10-01 09:19:00
JX6000515689,Jakarta,J&T Express,SESI 1,1,ZYY-ROL-04,TT zhi yang yao,TikTok,2025-10-01 09:19:00
JX6000575689,Jakarta,J&T Express,SESI 1,1,ZYY-INH-02,TT zhi yang yao,TikTok,2025-10-01 09:19:00
JX6000882997,Jakarta,J&T Express,SESI 1,1,ZYY-INH-02,TT zhi yang yao,TikTok,2025-10-01 09:19:00
JX6001072993,Jakarta,J&T Express,SESI 1,1,ZYY-INH-02,TT zhi yang yao,TikTok,2025-10-01 09:19:00
JX6001190577,Jakarta,J&T Express,SESI 1,1,ZYY-INH-02,TT zhi yang yao,TikTok,2025-10-01 09:19:00
JX6001306585,Jakarta,J&T Express,SESI 1,1,ZYY-INH-02,TT zhi yang yao,TikTok,2025-10-01 09:19:00
JX6001326585,Jakarta,J&T Express,SESI 1,1,ZYY-INH-02,TT zhi yang yao,TikTok,2025-10-01 09:19:00
JX6001571368,Jakarta,J&T Express,SESI 1,1,ZYY-INH-02,TT zhi yang yao,TikTok,2025-10-01 09:19:00
JX6002110577,Jakarta,J&T Express,SESI 1,1,ZYY-INH-02,TT zhi yang yao,TikTok,2025-10-01 09:19:00
JX6002130577,Jakarta,J&T Express,SESI 1,1,ZYY-INH-02,TT zhi yang yao,TikTok,2025-10-01 09:19:00
JX6002230777,Jakarta,J&T Express,SESI 1,1,ZYY-INH-02,TT zhi yang yao,TikTok,2025-10-01 09:19:00
JX6002266085,Jakarta,J&T Express,SESI 1,1,ZYY-INH-02,TT zhi yang yao,TikTok,2025-10-01 09:19:00
JX6002286085,Jakarta,J&T Express,SESI 1,1,ZYY-INH-02,TT zhi yang yao,TikTok,2025-10-01 09:19:00
JX6002306585,Jakarta,J&T Express,SESI 1,1,ZYY-INH-02,TT zhi yang yao,TikTok,2025-10-01 09:19:00
JX6002350477,Jakarta,J&T Express,SESI 1,1,ZYY-INH-02,TT zhi yang yao,TikTok,2025-10-01 09:19:00
JX6002450377,Jakarta,J&T Express,SESI 1,1,ZYY-INH-02,TT zhi yang yao,TikTok,2025-10-01 09:19:00
JX6002470377,Jakarta,J&T Express,SESI 1,1,ZYY-INH-02,TT zhi yang yao,TikTok,2025-10-01 09:19:00
JX6002501173,Jakarta,J&T Express,SESI 1,1,ZYY-INH-02,TT zhi yang yao,TikTok,2025-10-01 09:19:00
JX6002521173,Jakarta,J&T Express,SESI 1,1,ZYY-INH-02,TT zhi yang yao,TikTok,2025-10-01 09:19:00
JX6002555589,Jakarta,J&T Express,SESI 1,1,ZYY-INH-02,TT zhi yang yao,TikTok,2025-10-01 09:19:00
JX6002852392,Jakarta,J&T Express,SESI 1,1,ZYY-INH-02,TT zhi yang yao,TikTok,2025-10-01 09:19:00
JX6003054597,Jakarta,J&T Express,SESI 1,2,ZYY-INH-02,TT zhi yang yao,TikTok,2025-10-01 09:19:00
JX6003206085,Jakarta,J&T Express,SESI 1,1,ZYY-INH-02,TT zhi yang yao,TikTok,2025-10-01 09:19:00
JX6003226085,Jakarta,J&T Express,SESI 1,1,ZYY-INH-02,TT zhi yang yao,TikTok,2025-10-01 09:19:00
JX6003246085,Jakarta,J&T Express,SESI 1,1,ZYY-INH-02,TT zhi yang yao,TikTok,2025-10-01 09:19:00
JX6003266085,Jakarta,J&T Express,SESI 1,1,ZYY-INH-02,TT zhi yang yao,TikTok,2025-10-01 09:19:00
JX6003330477,Jakarta,J&T Express,SESI 1,1,ZYY-INH-02,TT zhi yang yao,TikTok,2025-10-01 09:19:00
JX6003330977,Jakarta,J&T Express,SESI 1,1,ZYY-ROL-04,TT zhi yang yao,TikTok,2025-10-01 09:19:00
JX6003350477,Jakarta,J&T Express,SESI 1,1,ZYY-INH-02,TT zhi yang yao,TikTok,2025-10-01 09:19:00
JX6003355589,Jakarta,J&T Express,SESI 1,1,ZYY-INH-02,TT zhi yang yao,TikTok,2025-10-01 09:19:00
JX6003370377,Jakarta,J&T Express,SESI 1,1,ZYY-INH-02,TT zhi yang yao,TikTok,2025-10-01 09:19:00
JX6003390377,Jakarta,J&T Express,SESI 1,1,ZYY-INH-02,TT zhi yang yao,TikTok,2025-10-01 09:19:00
JX6003390477,Jakarta,J&T Express,SESI 1,1,ZYY-INH-02,TT zhi yang yao,TikTok,2025-10-01 09:19:00
JX6003430377,Jakarta,J&T Express,SESI 1,1,ZYY-INH-02,TT zhi yang yao,TikTok,2025-10-01 09:19:00
JX6003535589,Jakarta,J&T Express,SESI 1,1,ZYY-INH-02,TT zhi yang yao,TikTok,2025-10-01 09:19:00
JX6003555289,Jakarta,J&T Express,SESI 1,1,ZYY-INH-02,TT zhi yang yao,TikTok,2025-10-01 09:19:00
JX6003571868,Jakarta,J&T Express,SESI 1,1,ZYY-INH-02,TT zhi yang yao,TikTok,2025-10-01 09:19:00
JX6003595289,Jakarta,J&T Express,SESI 1,1,ZYY-INH-02,TT zhi yang yao,TikTok,2025-10-01 09:19:00
JX6003595989,Jakarta,J&T Express,SESI 1,1,ZYY-INH-02,TT zhi yang yao,TikTok,2025-10-01 09:19:00
JX6003641973,Jakarta,J&T Express,SESI 1,1,ZYY-INH-02,TT zhi yang yao,TikTok,2025-10-01 09:19:00
JX6003661973,Jakarta,J&T Express,SESI 1,1,ZYY-INH-02,TT zhi yang yao,TikTok,2025-10-01 09:19:00
JX6003675889,Jakarta,J&T Express,SESI 1,1,ZYY-INH-02,TT zhi yang yao,TikTok,2025-10-01 09:19:00
JX6003681973,Jakarta,J&T Express,SESI 1,1,ZYY-INH-02,TT zhi yang yao,TikTok,2025-10-01 09:19:00
JX6003695889,Jakarta,J&T Express,SESI 1,1,ZYY-INH-02,TT zhi yang yao,TikTok,2025-10-01 09:19:00
JX6003962997,Jakarta,J&T Express,SESI 1,1,ZYY-ROL-04,TT zhi yang yao,TikTok,2025-10-01 09:19:00
JX6003966884,Jakarta,J&T Express,SESI 1,1,ZYY-INH-02,TT zhi yang yao,TikTok,2025-10-01 09:19:00
JX6003986884,Jakarta,J&T Express,SESI 1,1,ZYY-INH-02,TT zhi yang yao,TikTok,2025-10-01 09:19:00
JX6004006285,Jakarta,J&T Express,SESI 1,1,ZYY-INH-02,TT zhi yang yao,TikTok,2025-10-01 09:19:00
JX6004132493,Jakarta,J&T Express,SESI 1,1,ZYY-INH-02,TT zhi yang yao,TikTok,2025-10-01 09:19:00
JX6004226085,Jakarta,J&T Express,SESI 1,1,ZYY-INH-02,TT zhi yang yao,TikTok,2025-10-01 09:19:00
JX6004246085,Jakarta,J&T Express,SESI 1,1,ZYY-INH-02,TT zhi yang yao,TikTok,2025-10-01 09:19:00
JX6004315589,Jakarta,J&T Express,SESI 1,2,ZYY-INH-02,TT zhi yang yao,TikTok,2025-10-01 09:19:00
JX6004510477,Jakarta,J&T Express,SESI 1,2,ZYY-INH-02,TT zhi yang yao,TikTok,2025-10-01 09:19:00
JX6004530477,Jakarta,J&T Express,SESI 1,1,ZYY-ROL-04,TT zhi yang yao,TikTok,2025-10-01 09:19:00
JX6004550477,Jakarta,J&T Express,SESI 1,1,ZYY-INH-02,TT zhi yang yao,TikTok,2025-10-01 09:19:00
JX6004575989,Jakarta,J&T Express,SESI 1,1,ZYY-INH-02,TT zhi yang yao,TikTok,2025-10-01 09:19:00
JX6004590277,Jakarta,J&T Express,SESI 1,1,ZYY-INH-02,TT zhi yang yao,TikTok,2025-10-01 09:19:00
JX6004601973,Jakarta,J&T Express,SESI 1,1,ZYY-INH-02,TT zhi yang yao,TikTok,2025-10-01 09:19:00
JX6004621973,Jakarta,J&T Express,SESI 1,1,ZYY-ROL-04,TT zhi yang yao,TikTok,2025-10-01 09:19:00
JX6004635889,Jakarta,J&T Express,SESI 1,2,ZYY-INH-02,TT zhi yang yao,TikTok,2025-10-01 09:19:00
JX6004695189,Jakarta,J&T Express,SESI 1,1,ZYY-INH-02,TT zhi yang yao,TikTok,2025-10-01 09:19:00
JX6004946884,Jakarta,J&T Express,SESI 1,1,ZYY-ROL-04,TT zhi yang yao,TikTok,2025-10-01 09:19:00
JX6004966884,Jakarta,J&T Express,SESI 1,2,ZYY-INH-02,TT zhi yang yao,TikTok,2025-10-01 09:19:00
JX6004986884,Jakarta,J&T Express,SESI 1,1,ZYY-INH-02,TT zhi yang yao,TikTok,2025-10-01 09:19:00
JX6005090777,Jakarta,J&T Express,SESI 1,1,ZYY-INH-02,TT zhi yang yao,TikTok,2025-10-01 09:19:00
JX6005106585,Jakarta,J&T Express,SESI 1,1,ZYY-INH-02,TT zhi yang yao,TikTok,2025-10-01 09:19:00
JX6005126585,Jakarta,J&T Express,SESI 1,1,ZYY-INH-02,TT zhi yang yao,TikTok,2025-10-01 09:19:00
JX6005146585,Jakarta,J&T Express,SESI 1,1,ZYY-INH-02,TT zhi yang yao,TikTok,2025-10-01 09:19:00
JX6005166585,Jakarta,J&T Express,SESI 1,1,ZYY-INH-02,TT zhi yang yao,TikTok,2025-10-01 09:19:00
JX6005170777,Jakarta,J&T Express,SESI 1,1,ZYY-INH-02,TT zhi yang yao,TikTok,2025-10-01 09:19:00
JX6005186885,Jakarta,J&T Express,SESI 1,1,ZYY-INH-02,TT zhi yang yao,TikTok,2025-10-01 09:19:00
JX6005310177,Jakarta,J&T Express,SESI 1,1,ZYY-INH-02,TT zhi yang yao,TikTok,2025-10-01 09:19:00
JX6005330177,Jakarta,J&T Express,SESI 1,1,ZYY-INH-02,TT zhi yang yao,TikTok,2025-10-01 09:19:00
JX6005370177,Jakarta,J&T Express,SESI 1,1,ZYY-INH-02,TT zhi yang yao,TikTok,2025-10-01 09:19:00
JX6005390177,Jakarta,J&T Express,SESI 1,1,ZYY-ROL-04,TT zhi yang yao,TikTok,2025-10-01 09:19:00
JX6005510277,Jakarta,J&T Express,SESI 1,1,ZYY-INH-02,TT zhi yang yao,TikTok,2025-10-01 09:19:00
JX6005530277,Jakarta,J&T Express,SESI 1,1,ZYY-INH-02,TT zhi yang yao,TikTok,2025-10-01 09:19:00
JX6005535989,Jakarta,J&T Express,SESI 1,1,ZYY-INH-02,TT zhi yang yao,TikTok,2025-10-01 09:19:00
JX6005550277,Jakarta,J&T Express,SESI 1,1,ZYY-INH-02,TT zhi yang yao,TikTok,2025-10-01 09:19:00
JX6005570277,Jakarta,J&T Express,SESI 1,1,ZYY-INH-02,TT zhi yang yao,TikTok,2025-10-01 09:19:00
JX6005615189,Jakarta,J&T Express,SESI 1,1,ZYY-INH-02,TT zhi yang yao,TikTok,2025-10-01 09:19:00
JX6005635189,Jakarta,J&T Express,SESI 1,1,ZYY-INH-02,TT zhi yang yao,TikTok,2025-10-01 09:19:00
JX6005655189,Jakarta,J&T Express,SESI 1,1,ZYY-INH-02,TT zhi yang yao,TikTok,2025-10-01 09:19:00
JX6005695189,Jakarta,J&T Express,SESI 1,1,ZYY-INH-02,TT zhi yang yao,TikTok,2025-10-01 09:19:00
JX6005952492,Jakarta,J&T Express,SESI 1,1,ZYY-INH-02,TT zhi yang yao,TikTok,2025-10-01 09:19:00
JX6005986284,Jakarta,J&T Express,SESI 1,1,ZYY-INH-02,TT zhi yang yao,TikTok,2025-10-01 09:19:00
JX6006026985,Jakarta,J&T Express,SESI 1,1,ZYY-INH-02,TT zhi yang yao,TikTok,2025-10-01 09:19:00
JX6006030777,Jakarta,J&T Express,SESI 1,1,ZYY-INH-02,TT zhi yang yao,TikTok,2025-10-01 09:19:00
JX6006046985,Jakarta,J&T Express,SESI 1,2,ZYY-INH-02,TT zhi yang yao,TikTok,2025-10-01 09:19:00
JX6006050777,Jakarta,J&T Express,SESI 1,1,ZYY-INH-02,TT zhi yang yao,TikTok,2025-10-01 09:19:00
JX6006106585,Jakarta,J&T Express,SESI 1,1,ZYY-INH-02,TT zhi yang yao,TikTok,2025-10-01 09:19:00
JX6006106885,Jakarta,J&T Express,SESI 1,1,ZYY-INH-02,TT zhi yang yao,TikTok,2025-10-01 09:19:00
JX6006126885,Jakarta,J&T Express,SESI 1,1,ZYY-INH-02,TT zhi yang yao,TikTok,2025-10-01 09:19:00
JX6006142098,Jakarta,J&T Express,SESI 1,1,ZYY-INH-02,TT zhi yang yao,TikTok,2025-10-01 09:19:00
JX6006146885,Jakarta,J&T Express,SESI 1,2,ZYY-INH-02,TT zhi yang yao,TikTok,2025-10-01 09:19:00
JX6006166885,Jakarta,J&T Express,SESI 1,2,ZYY-INH-02,TT zhi yang yao,TikTok,2025-10-01 09:19:00
JX6006206585,Jakarta,J&T Express,SESI 1,1,ZYY-INH-02,TT zhi yang yao,TikTok,2025-10-01 09:19:00
JX6006210477,Jakarta,J&T Express,SESI 1,1,ZYY-INH-02,TT zhi yang yao,TikTok,2025-10-01 09:19:00
JX6006230477,Jakarta,J&T Express,SESI 1,1,ZYY-INH-02,TT zhi yang yao,TikTok,2025-10-01 09:19:00
JX6006250477,Jakarta,J&T Express,SESI 1,1,ZYY-INH-02,TT zhi yang yao,TikTok,2025-10-01 09:19:00
JX6006266585,Jakarta,J&T Express,SESI 1,2,ZYY-INH-02,TT zhi yang yao,TikTok,2025-10-01 09:19:00
JX6006270477,Jakarta,J&T Express,SESI 1,1,ZYY-INH-02,TT zhi yang yao,TikTok,2025-10-01 09:19:00
JX6006286585,Jakarta,J&T Express,SESI 1,1,ZYY-INH-02,TT zhi yang yao,TikTok,2025-10-01 09:19:00
JX6006354697,Jakarta,J&T Express,SESI 1,1,ZYY-INH-02,TT zhi yang yao,TikTok,2025-10-01 09:19:00
JX6006635189,Jakarta,J&T Express,SESI 1,1,ZYY-INH-02,TT zhi yang yao,TikTok,2025-10-01 09:19:00
JX6006906284,Jakarta,J&T Express,SESI 1,1,ZYY-INH-02,TT zhi yang yao,TikTok,2025-10-01 09:19:00
JX6007006985,Jakarta,J&T Express,SESI 1,1,ZYY-INH-02,TT zhi yang yao,TikTok,2025-10-01 09:19:00
JX6007026985,Jakarta,J&T Express,SESI 1,1,ZYY-INH-02,TT zhi yang yao,TikTok,2025-10-01 09:19:00
JX6007052193,Jakarta,J&T Express,SESI 1,1,ZYY-INH-02,TT zhi yang yao,TikTok,2025-10-01 09:19:00
JX6007070377,Jakarta,J&T Express,SESI 1,1,ZYY-INH-02,TT zhi yang yao,TikTok,2025-10-01 09:19:00
JX6007206585,Jakarta,J&T Express,SESI 1,1,ZYY-INH-02,TT zhi yang yao,TikTok,2025-10-01 09:19:00
JX6007386185,Jakarta,J&T Express,SESI 1,1,ZYY-INH-02,TT zhi yang yao,TikTok,2025-10-01 09:19:00
JX6007415889,Jakarta,J&T Express,SESI 1,1,ZYY-INH-02,TT zhi yang yao,TikTok,2025-10-01 09:19:00
JX6007435889,Jakarta,J&T Express,SESI 1,1,ZYY-INH-02,TT zhi yang yao,TikTok,2025-10-01 09:19:00
JX6007462767,Jakarta,J&T Express,SESI 1,1,ZYY-INH-02,TT zhi yang yao,TikTok,2025-10-01 09:19:00
JX6007550077,Jakarta,J&T Express,SESI 1,1,ZYY-INH-02,TT zhi yang yao,TikTok,2025-10-01 09:19:00
JX6007582367,Jakarta,J&T Express,SESI 1,1,ZYY-INH-02,TT zhi yang yao,TikTok,2025-10-01 09:19:00
JX6008306185,Jakarta,J&T Express,SESI 1,1,ZYY-ROL-04,TT zhi yang yao,TikTok,2025-10-01 09:19:00
JX6008326185,Jakarta,J&T Express,SESI 1,1,ZYY-INH-02,TT zhi yang yao,TikTok,2025-10-01 09:19:00
JX6008386185,Jakarta,J&T Express,SESI 1,1,ZYY-INH-02,TT zhi yang yao,TikTok,2025-10-01 09:19:00
JX6008410677,Jakarta,J&T Express,SESI 1,1,ZYY-INH-02,TT zhi yang yao,TikTok,2025-10-01 09:19:00
JX6008421373,Jakarta,J&T Express,SESI 1,1,ZYY-INH-02,TT zhi yang yao,TikTok,2025-10-01 09:19:00
JX6008430677,Jakarta,J&T Express,SESI 1,1,ZYY-INH-02,TT zhi yang yao,TikTok,2025-10-01 09:19:00
JX6008435689,Jakarta,J&T Express,SESI 1,1,ZYY-INH-02,TT zhi yang yao,TikTok,2025-10-01 09:19:00
JX6008450677,Jakarta,J&T Express,SESI 1,1,ZYY-ROL-04,TT zhi yang yao,TikTok,2025-10-01 09:19:00
JX6008455689,Jakarta,J&T Express,SESI 1,1,ZYY-INH-02,TT zhi yang yao,TikTok,2025-10-01 09:19:00
JX6008475689,Jakarta,J&T Express,SESI 1,1,ZYY-INH-02,TT zhi yang yao,TikTok,2025-10-01 09:19:00
JX6008481373,Jakarta,J&T Express,SESI 1,1,ZYY-INH-02,TT zhi yang yao,TikTok,2025-10-01 09:19:00
JX6008521073,Jakarta,J&T Express,SESI 1,1,ZYY-INH-02,TT zhi yang yao,TikTok,2025-10-01 09:19:00
JX6008541073,Jakarta,J&T Express,SESI 1,1,ZYY-INH-02,TT zhi yang yao,TikTok,2025-10-01 09:19:00
JX6008561073,Jakarta,J&T Express,SESI 1,1,ZYY-INH-02,TT zhi yang yao,TikTok,2025-10-01 09:19:00
JX6009150177,Jakarta,J&T Express,SESI 1,1,ZYY-INH-02,TT zhi yang yao,TikTok,2025-10-01 09:19:00
JX6009170177,Jakarta,J&T Express,SESI 1,1,ZYY-INH-02,TT zhi yang yao,TikTok,2025-10-01 09:19:00
JX6009190177,Jakarta,J&T Express,SESI 1,1,ZYY-INH-02,TT zhi yang yao,TikTok,2025-10-01 09:19:00
JX6009415689,Jakarta,J&T Express,SESI 1,1,ZYY-INH-02,TT zhi yang yao,TikTok,2025-10-01 09:19:00
JX6009435689,Jakarta,J&T Express,SESI 1,1,ZYY-INH-02,TT zhi yang yao,TikTok,2025-10-01 09:19:00
JX6009450477,Jakarta,J&T Express,SESI 1,1,ZYY-INH-02,TT zhi yang yao,TikTok,2025-10-01 09:19:00
JX6009470477,Jakarta,J&T Express,SESI 1,1,ZYY-INH-02,TT zhi yang yao,TikTok,2025-10-01 09:19:00
JX6009966484,Jakarta,J&T Express,SESI 1,1,ZYY-INH-02,TT zhi yang yao,TikTok,2025-10-01 09:19:00
LXAD-5058946532,Jakarta,standard,SESI 1,1,ZYY-INH-02,LZ zhi yang yao,Lazada,2025-10-01 09:19:00
NJVTT80340340009,Jakarta,NinjaVan-MP,SESI 1,1,ZYY-INH-02,TT zhi yang yao,TikTok,2025-10-01 09:19:00
NJVTT80594830009,Jakarta,NinjaVan-MP,SESI 1,1,ZYY-SPR-60,TT zhi yang yao,TikTok,2025-10-01 09:19:00
SHP6936073626,Jakarta,Ninja Xpress,SESI 1,1,ZYY-INH-02,SP zhi yang yao,Shopee,2025-10-01 09:19:00
SPXID05021473103A,Jakarta,SPX Standard,SESI 1,1,ZYY-INH-02,SP zhi yang yao official store,Shopee,2025-10-01 09:19:00
SPXID05038835710A,Jakarta,SPX Hemat,SESI 1,1,ZYY-INH-02,SP zhi yang yao,Shopee,2025-10-01 09:19:00
SPXID050403794049,Jakarta,SPX Standard,SESI 1,1,ZYY-INH-02,SP zhi yang yao,Shopee,2025-10-01 09:19:00
SPXID050473280829,Jakarta,SPX Standard,SESI 1,1,ZYY-INH-02,SP zhi yang yao,Shopee,2025-10-01 09:19:00
SPXID050576681519,Jakarta,SPX Hemat,SESI 1,1,ZYY-INH-02,SP zhi yang yao,Shopee,2025-10-01 09:19:00
SPXID050596475229,Jakarta,SPX Standard,SESI 1,1,ZYY-INH-02,SP zhi yang yao,Shopee,2025-10-01 09:19:00
SPXID050840087009,Jakarta,SPX Hemat,SESI 1,1,ZYY-INH-02,SP zhi yang yao,Shopee,2025-10-01 09:19:00
SPXID050840087009,Jakarta,SPX Hemat,SESI 1,1,ZYY-SPR-60,SP zhi yang yao,Shopee,2025-10-01 09:19:00
SPXID05088404287A,Jakarta,SPX Standard,SESI 1,2,ZYY-INH-02,SP zhi yang yao,Shopee,2025-10-01 09:19:00
SPXID050955157699,Jakarta,SPX Standard,SESI 1,1,ZYY-INH-02,SP zhi yang yao official store,Shopee,2025-10-01 09:19:00
SPXID050956375749,Jakarta,SPX Hemat,SESI 1,1,ZYY-INH-02,SP zhi yang yao official store,Shopee,2025-10-01 09:19:00
SPXID050978285829,Jakarta,SPX Hemat,SESI 1,1,ZYY-INH-02,SP zhi yang yao,Shopee,2025-10-01 09:19:00
SPXID051053278189,Jakarta,SPX Standard,SESI 1,1,ZYY-INH-02,SP zhi yang yao,Shopee,2025-10-01 09:19:00
SPXID051132415999,Jakarta,SPX Standard,SESI 1,1,ZYY-INH-02,SP zhi yang yao,Shopee,2025-10-01 09:19:00
SPXID05117027993A,Jakarta,SPX Hemat,SESI 1,1,ZYY-INH-02,SP zhi yang yao,Shopee,2025-10-01 09:19:00
SPXID05125951732A,Jakarta,SPX Hemat,SESI 1,1,ZYY-INH-02,SP zhi yang yao,Shopee,2025-10-01 09:19:00
SPXID05140357540A,Jakarta,SPX Hemat,SESI 1,1,ZYY-INH-02,SP zhi yang yao,Shopee,2025-10-01 09:19:00
SPXID05144664742A,Bandung,SPX Hemat,SESI 1,1,ZYY-INH-02,SP zhi yang yao official,Shopee,2025-10-01 09:19:00
SPXID051612863109,Jakarta,SPX Standard,SESI 1,1,ZYY-INH-02,SP zhi yang yao,Shopee,2025-10-01 09:19:00
SPXID05168816236A,Jakarta,SPX Hemat,SESI 1,1,ZYY-INH-02,SP zhi yang yao,Shopee,2025-10-01 09:19:00
SPXID05185996718A,Jakarta,SPX Hemat,SESI 1,1,ZYY-INH-02,SP zhi yang yao,Shopee,2025-10-01 09:19:00
SPXID051956275689,Jakarta,SPX Standard,SESI 1,1,ZYY-INH-02,SP zhi yang yao,Shopee,2025-10-01 09:19:00
SPXID05197097667A,Jakarta,SPX Hemat,SESI 1,1,ZYY-INH-02,SP zhi yang yao mart,Shopee,2025-10-01 09:19:00
SPXID052186257649,Jakarta,SPX Hemat,SESI 1,1,ZYY-INH-02,SP zhi yang yao,Shopee,2025-10-01 09:19:00
SPXID052374770259,Jakarta,SPX Standard,SESI 1,1,ZYY-INH-02,SP zhi yang yao,Shopee,2025-10-01 09:19:00
SPXID052628413729,Jakarta,SPX Standard,SESI 1,1,ZYY-INH-02,SP zhi yang yao,Shopee,2025-10-01 09:19:00
SPXID052684218669,Jakarta,SPX Standard,SESI 1,1,ZYY-INH-02,SP zhi yang yao,Shopee,2025-10-01 09:19:00
SPXID05287814311A,Jakarta,SPX Standard,SESI 1,1,ZYY-INH-02,SP zhi yang yao,Shopee,2025-10-01 09:19:00
SPXID05293997716A,Jakarta,SPX Standard,SESI 1,1,ZYY-INH-02,SP zhi yang yao official store,Shopee,2025-10-01 09:19:00
SPXID05301558905A,Jakarta,SPX Hemat,SESI 1,1,ZYY-INH-02,SP zhi yang yao,Shopee,2025-10-01 09:19:00
SPXID05303441415A,Jakarta,SPX Standard,SESI 1,1,ZYY-INH-02,SP zhi yang yao,Shopee,2025-10-01 09:19:00
SPXID05307828449A,Jakarta,SPX Hemat,SESI 1,1,ZYY-INH-02,SP zhi yang yao,Shopee,2025-10-01 09:19:00
SPXID053112176179,Jakarta,SPX Standard,SESI 1,1,ZYY-INH-02,SP zhi yang yao,Shopee,2025-10-01 09:19:00
SPXID05334991380A,Jakarta,SPX Standard,SESI 1,1,ZYY-INH-02,SP zhi yang yao official store,Shopee,2025-10-01 09:19:00
SPXID05381316462A,Jakarta,SPX Standard,SESI 1,1,ZYY-INH-02,SP zhi yang yao,Shopee,2025-10-01 09:19:00
SPXID05395094492A,Jakarta,SPX Hemat,SESI 1,1,ZYY-INH-02,SP zhi yang yao,Shopee,2025-10-01 09:19:00
SPXID053969381219,Bandung,SPX Standard,SESI 1,1,ZYY-INH-02,SP zhi yang yao official,Shopee,2025-10-01 09:19:00
SPXID05413978477A,Jakarta,SPX Hemat,SESI 1,1,ZYY-INH-02,SP zhi yang yao,Shopee,2025-10-01 09:19:00
SPXID05425301361A,Jakarta,SPX Standard,SESI 1,1,ZYY-INH-02,SP zhi yang yao official store,Shopee,2025-10-01 09:19:00
SPXID05432414291A,Jakarta,SPX Hemat,SESI 1,1,ZYY-INH-02,SP zhi yang yao,Shopee,2025-10-01 09:19:00
SPXID05433100662A,Jakarta,SPX Hemat,SESI 1,1,ZYY-INH-02,SP zhi yang yao,Shopee,2025-10-01 09:19:00
SPXID054368217389,Jakarta,SPX Standard,SESI 1,1,ZYY-INH-02,SP zhi yang yao official store,Shopee,2025-10-01 09:19:00
SPXID05441115682A,Jakarta,SPX Standard,SESI 1,1,ZYY-INH-02,SP zhi yang yao,Shopee,2025-10-01 09:19:00
SPXID054495192899,Jakarta,SPX Standard,SESI 1,1,ZYY-INH-02,SP zhi yang yao shop,Shopee,2025-10-01 09:19:00
SPXID054619854499,Jakarta,SPX Standard,SESI 1,1,ZYY-INH-02,SP zhi yang yao official store,Shopee,2025-10-01 09:19:00
SPXID05479001890A,Jakarta,SPX Standard,SESI 1,1,ZYY-INH-02,SP zhi yang yao,Shopee,2025-10-01 09:19:00
SPXID054953605619,Jakarta,SPX Standard,SESI 1,1,ZYY-INH-02,SP zhi yang yao official store,Shopee,2025-10-01 09:19:00
SPXID055101124179,Jakarta,SPX Hemat,SESI 1,1,ZYY-INH-02,SP zhi yang yao,Shopee,2025-10-01 09:19:00
SPXID05545034978A,Jakarta,SPX Standard,SESI 1,1,ZYY-INH-02,SP zhi yang yao,Shopee,2025-10-01 09:19:00
SPXID055533190969,Jakarta,SPX Standard,SESI 1,1,ZYY-INH-02,SP zhi yang yao,Shopee,2025-10-01 09:19:00
SPXID055567346709,Jakarta,SPX Standard,SESI 1,1,ZYY-INH-02,SP zhi yang yao,Shopee,2025-10-01 09:19:00
SPXID05561244662A,Jakarta,SPX Standard,SESI 1,1,ZYY-INH-02,SP zhi yang yao,Shopee,2025-10-01 09:19:00
SPXID05561901154A,Jakarta,SPX Standard,SESI 1,1,ZYY-INH-02,SP zhi yang yao official store,Shopee,2025-10-01 09:19:00
SPXID055741792969,Jakarta,SPX Hemat,SESI 1,1,ZYY-INH-02,SP zhi yang yao,Shopee,2025-10-01 09:19:00
SPXID055746974979,Jakarta,SPX Standard,SESI 1,1,ZYY-INH-02,SP zhi yang yao,Shopee,2025-10-01 09:19:00
SPXID055873955979,Jakarta,SPX Standard,SESI 1,1,ZYY-INH-02,SP zhi yang yao,Shopee,2025-10-01 09:19:00
SPXID055925622869,Jakarta,SPX Standard,SESI 1,1,ZYY-INH-02,SP zhi yang yao,Shopee,2025-10-01 09:19:00
SPXID05596970905A,Jakarta,SPX Standard,SESI 1,1,ZYY-INH-02,SP zhi yang yao official store,Shopee,2025-10-01 09:19:00
SPXID056193755229,Jakarta,SPX Standard,SESI 1,1,ZYY-INH-02,SP zhi yang yao,Shopee,2025-10-01 09:19:00
SPXID056396333109,Jakarta,SPX Hemat,SESI 1,1,ZYY-INH-02,SP zhi yang yao,Shopee,2025-10-01 09:19:00
SPXID056451679269,Jakarta,SPX Standard,SESI 1,1,ZYY-INH-02,SP zhi yang yao official store,Shopee,2025-10-01 09:19:00
SPXID056589752109,Jakarta,SPX Standard,SESI 1,1,ZYY-INH-02,SP zhi yang yao,Shopee,2025-10-01 09:19:00
SPXID056598364529,Jakarta,SPX Standard,SESI 1,1,ZYY-INH-02,SP zhi yang yao,Shopee,2025-10-01 09:19:00
SPXID05663164003A,Jakarta,SPX Hemat,SESI 1,1,ZYY-INH-02,SP zhi yang yao,Shopee,2025-10-01 09:19:00
SPXID05672708223A,Jakarta,SPX Standard,SESI 1,1,ZYY-INH-02,SP zhi yang yao,Shopee,2025-10-01 09:19:00
SPXID056912206269,Jakarta,SPX Standard,SESI 1,1,ZYY-INH-02,SP zhi yang yao,Shopee,2025-10-01 09:19:00
SPXID05691483807A,Jakarta,SPX Hemat,SESI 1,1,ZYY-INH-02,SP zhi yang yao,Shopee,2025-10-01 09:19:00
SPXID05716670115A,Jakarta,SPX Hemat,SESI 1,1,ZYY-INH-02,SP zhi yang yao,Shopee,2025-10-01 09:19:00
SPXID057315574159,Jakarta,SPX Hemat,SESI 1,1,ZYY-INH-02,SP zhi yang yao,Shopee,2025-10-01 09:19:00
SPXID05735876992A,Jakarta,SPX Hemat,SESI 1,1,ZYY-INH-02,SP zhi yang yao official store,Shopee,2025-10-01 09:19:00
SPXID05740097066A,Jakarta,SPX Standard,SESI 1,1,ZYY-INH-02,SP zhi yang yao mart,Shopee,2025-10-01 09:19:00
SPXID057488156089,Jakarta,SPX Standard,SESI 1,1,ZYY-INH-02,SP zhi yang yao,Shopee,2025-10-01 09:19:00
SPXID057553699659,Jakarta,SPX Standard,SESI 1,1,ZYY-INH-02,SP zhi yang yao,Shopee,2025-10-01 09:19:00
SPXID057742879729,Jakarta,SPX Standard,SESI 1,1,ZYY-INH-02,SP zhi yang yao,Shopee,2025-10-01 09:19:00
SPXID057829225389,Jakarta,SPX Standard,SESI 1,1,ZYY-INH-02,SP zhi yang yao mart,Shopee,2025-10-01 09:19:00
SPXID058155717589,Jakarta,SPX Hemat,SESI 1,1,ZYY-INH-02,SP zhi yang yao,Shopee,2025-10-01 09:19:00
SPXID058228776089,Jakarta,SPX Hemat,SESI 1,1,ZYY-INH-02,SP zhi yang yao,Shopee,2025-10-01 09:19:00
SPXID05851807926A,Jakarta,SPX Hemat,SESI 1,1,ZYY-SPR-30,SP zhi yang yao,Shopee,2025-10-01 09:19:00
SPXID058527158449,Jakarta,SPX Standard,SESI 1,1,ZYY-INH-02,SP zhi yang yao,Shopee,2025-10-01 09:19:00
SPXID05868660835A,Jakarta,SPX Hemat,SESI 1,1,ZYY-INH-02,SP zhi yang yao official store,Shopee,2025-10-01 09:19:00
SPXID058824580119,Jakarta,SPX Standard,SESI 1,1,ZYY-INH-02,SP zhi yang yao official store,Shopee,2025-10-01 09:19:00
SPXID05885317857A,Jakarta,SPX Hemat,SESI 1,1,ZYY-INH-02,SP zhi yang yao,Shopee,2025-10-01 09:19:00
SPXID05895174272A,Jakarta,SPX Standard,SESI 1,1,ZYY-INH-02,SP zhi yang yao official store,Shopee,2025-10-01 09:19:00
SPXID05902760607A,Jakarta,SPX Standard,SESI 1,1,ZYY-INH-02,SP zhi yang yao,Shopee,2025-10-01 09:19:00
SPXID05907182249A,Jakarta,SPX Hemat,SESI 1,1,ZYY-INH-02,SP zhi yang yao,Shopee,2025-10-01 09:19:00
SPXID05918263514A,Jakarta,SPX Hemat,SESI 1,1,ZYY-INH-02,SP zhi yang yao official store,Shopee,2025-10-01 09:19:00
SPXID059634040279,Jakarta,SPX Standard,SESI 1,1,ZYY-INH-02,SP zhi yang yao,Shopee,2025-10-01 09:19:00
SPXID05985961701A,Jakarta,SPX Hemat,SESI 1,1,ZYY-INH-02,SP zhi yang yao,Shopee,2025-10-01 09:19:00
TSA-80250890309,Jakarta,Anteraja,SESI 1,1,ZYY-ROL-04,TT zhi yang yao,TikTok,2025-10-01 09:19:00
TSA-80250890309,Jakarta,Anteraja,SESI 1,1,ZYY-INH-02,TT zhi yang yao,TikTok,2025-10-01 09:19:00
TSA-80350890309,Jakarta,Anteraja,SESI 1,2,ZYY-INH-02,TT zhi yang yao,TikTok,2025-10-01 09:19:00
ID250831526205B,Jakarta,SPX Instant,SESI 1,2,ERA-ROL-STD,SP erassgo,Shopee,2025-10-01 09:47:00
ID2578067026298,Jakarta,GrabExpress Sameday,SESI 1,1,ERA-ROL-STD,SP erassgo official store,Shopee,2025-10-01 09:47:00
SPXID05005944566A,Jakarta,SPX Standard,SESI 1,1,ERA-ROL-STD,SP erassgo official,Shopee,2025-10-01 09:47:00
SPXID05047631426A,Jakarta,SPX Standard,SESI 1,1,ERA-ROL-STD,SP erassgo official store,Shopee,2025-10-01 09:47:00
SPXID05128612828A,Jakarta,SPX Standard,SESI 1,1,ERA-ROL-STD,SP erassgo official store,Shopee,2025-10-01 09:47:00
SPXID05264782444A,Jakarta,SPX Hemat,SESI 1,1,ERA-ROL-STD,SP erassgo official,Shopee,2025-10-01 09:47:00
SPXID05519465602A,Jakarta,SPX Standard,SESI 1,1,ERA-ROL-STD-2-PCS,SP erassgo official,Shopee,2025-10-01 09:47:00
SPXID05618245001A,Jakarta,SPX Hemat,SESI 1,1,ERA-ROL-STD,SP erassgo,Shopee,2025-10-01 09:47:00
SPXID05779758574A,Jakarta,SPX Standard,SESI 1,1,ERA-ROL-STD-2-PCS,SP erassgo official store,Shopee,2025-10-01 09:47:00
SPXID05800365778A,Jakarta,SPX Hemat,SESI 1,1,ERA-ROL-STD,SP erassgo,Shopee,2025-10-01 09:47:00
SPXID05807774881A,Jakarta,SPX Standard,SESI 1,1,ERA-ROL-STD,SP erassgo official store,Shopee,2025-10-01 09:47:00
SPXID05935279586A,Jakarta,SPX Hemat,SESI 1,1,ERA-ROL-STD,SP erassgo official store,Shopee,2025-10-01 09:47:00
LXAD-5059070715,Jakarta,standard,SESI 1,1,Erassgo1pcs,LZ erassgo,Lazada,2025-10-01 09:47:00
NLIDAP8010688281,Jakarta,standard,SESI 1,1,erassgo roll on  1 pcs,LZ erassgo,Lazada,2025-10-01 09:47:00
11002665321395,Jakarta,Anteraja Reguler,SESI 1,1,ENZ-INH-ZCO,SP enzhico,Shopee,2025-10-01 09:47:00
11002665321409,Jakarta,Anteraja Reguler,SESI 1,1,ENZ-INH-ZCO,SP enzhico,Shopee,2025-10-01 09:47:00
11002665321421,Jakarta,Anteraja Reguler,SESI 1,1,ENZ-INH-ZCO,SP enzhico,Shopee,2025-10-01 09:47:00
11002665321430,Jakarta,Anteraja Reguler,SESI 1,1,ENZ-INH-ZTE,SP enzhico,Shopee,2025-10-01 09:47:00
11002665321511,Jakarta,Anteraja Reguler,SESI 1,1,ENZ-INH-ZPO,SP enzhico,Shopee,2025-10-01 09:47:00
ID253330446002W,Jakarta,SPX Instant,SESI 1,1,LAN-KMR,SP enzhico,Shopee,2025-10-01 09:47:00
ID253330446002W,Jakarta,SPX Instant,SESI 1,1,ENZ-INH-ZTE,SP enzhico,Shopee,2025-10-01 09:47:00
IDS8002771241135,Jakarta,ID Express,SESI 1,1,ENZ-INH-ZCO,SP enzhico,Shopee,2025-10-01 09:47:00
JX6000082595,Jakarta,J&T Express,SESI 1,1,ENZ-REF-ZCO,TT enzhico authorized store,TikTok,2025-10-01 09:47:00
JX6000102995,Jakarta,J&T Express,SESI 1,1,ENZ-INH-ZCO,TT enzhico authorized store,TikTok,2025-10-01 09:47:00
JX6000152590,Jakarta,J&T Express,SESI 1,1,ENZ-INH-ZCO,TT enzhico authorized store,TikTok,2025-10-01 09:47:00
JX6000312590,Jakarta,J&T Express,SESI 1,2,ENZ-REF-ZCO,TT enzhico authorized store,TikTok,2025-10-01 09:47:00
JX6000333879,Jakarta,J&T Express,SESI 1,1,ENZ-REF-ZPO,TT enzhico authorized store,TikTok,2025-10-01 09:47:00
JX6000904874,Jakarta,J&T Express,SESI 1,1,ENZ-INH-ZTE,TT enzhico authorized store,TikTok,2025-10-01 09:47:00
JX6000944874,Jakarta,J&T Express,SESI 1,1,ENZ-INH-ZTE,TT enzhico authorized store,TikTok,2025-10-01 09:47:00
JX6001412090,Jakarta,J&T Express,SESI 1,1,ENZ-INH-ZCO,TT enzhico authorized store,TikTok,2025-10-01 09:47:00
JX6001744674,Jakarta,J&T Express,SESI 1,1,ENZ-INH-ZMO,TT enzhico authorized store,TikTok,2025-10-01 09:47:00
JX6001764674,Jakarta,J&T Express,SESI 1,1,ENZ-INH-ZTE,TT enzhico authorized store,TikTok,2025-10-01 09:47:00
JX6002102295,Jakarta,J&T Express,SESI 1,1,ENZ-INH-ZTE,TT enzhico authorized store,TikTok,2025-10-01 09:47:00
JX6002964074,Jakarta,J&T Express,SESI 1,1,ENZ-REF-ZCO,TT enzhico authorized store,TikTok,2025-10-01 09:47:00
JX6004053379,Jakarta,J&T Express,SESI 1,1,ENZ-INH-ZTE,TT enzhico authorized store,TikTok,2025-10-01 09:47:00
JX6004272690,Jakarta,J&T Express,SESI 1,1,ENZ-INH-ZCO,TT enzhico authorized store,TikTok,2025-10-01 09:47:00
JX6004333479,Jakarta,J&T Express,SESI 1,1,ENZ-INH-ZTE,TT enzhico authorized store,TikTok,2025-10-01 09:47:00
JX6004473079,Jakarta,J&T Express,SESI 1,1,ENZ-REF-ZCO,TT enzhico authorized store,TikTok,2025-10-01 09:47:00
JX6004473079,Jakarta,J&T Express,SESI 1,1,ENZ-INH-ZMO,TT enzhico authorized store,TikTok,2025-10-01 09:47:00
JX6005352990,Jakarta,J&T Express,SESI 1,2,ENZ-INH-ZTE,TT enzhico authorized store,TikTok,2025-10-01 09:47:00
JX6005432890,Jakarta,J&T Express,SESI 1,1,ENZ-REF-ZCO,TT enzhico authorized store,TikTok,2025-10-01 09:47:00
JX6005492890,Jakarta,J&T Express,SESI 1,1,ENZ-REF-ZCO,TT enzhico authorized store,TikTok,2025-10-01 09:47:00
JX6007033579,Jakarta,J&T Express,SESI 1,1,ENZ-INH-ZCO,TT enzhico authorized store,TikTok,2025-10-01 09:47:00
JX6007352690,Jakarta,J&T Express,SESI 1,1,ENZ-INH-ZTE,TT enzhico authorized store,TikTok,2025-10-01 09:47:00
JX6007412690,Jakarta,J&T Express,SESI 1,1,ENZ-INH-ZCO,TT enzhico authorized store,TikTok,2025-10-01 09:47:00
JX6007764174,Jakarta,J&T Express,SESI 1,1,ENZ-INH-ZTE,TT enzhico authorized store,TikTok,2025-10-01 09:47:00
JX6008022395,Jakarta,J&T Express,SESI 1,1,ENZ-REF-ZTE,TT enzhico authorized store,TikTok,2025-10-01 09:47:00
JX6008142595,Jakarta,J&T Express,SESI 1,1,ENZ-INH-ZCO,TT enzhico authorized store,TikTok,2025-10-01 09:47:00
JX6009032590,Jakarta,J&T Express,SESI 1,1,ENZ-INH-ZMO,TT enzhico authorized store,TikTok,2025-10-01 09:47:00
JX6009153679,Jakarta,J&T Express,SESI 1,1,ENZ-INH-ZTE,TT enzhico authorized store,TikTok,2025-10-01 09:47:00
JX6009162595,Jakarta,J&T Express,SESI 1,1,ENZ-INH-ZCO,TT enzhico authorized store,TikTok,2025-10-01 09:47:00
JX6009162595,Jakarta,J&T Express,SESI 1,1,ENZ-REF-ZCO,TT enzhico authorized store,TikTok,2025-10-01 09:47:00
JX6009253479,Jakarta,J&T Express,SESI 1,1,ENZ-INH-ZTE,TT enzhico authorized store,TikTok,2025-10-01 09:47:00
JX6009273479,Jakarta,J&T Express,SESI 1,1,ENZ-INH-ZTE,TT enzhico authorized store,TikTok,2025-10-01 09:47:00
JX6009644874,Jakarta,J&T Express,SESI 1,1,ENZ-INH-ZMO,TT enzhico authorized store,TikTok,2025-10-01 09:47:00
JX6009664874,Jakarta,J&T Express,SESI 1,1,ENZ-INH-ZTE,TT enzhico authorized store,TikTok,2025-10-01 09:47:00
JX6011342100,Jakarta,J&T Express,SESI 1,1,ENZ-INH-ZCO,TT enzhico authorized store,TikTok,2025-10-01 09:47:00
JX6013122100,Jakarta,J&T Express,SESI 1,1,ENZ-INH-ZTE,TT enzhico authorized store,TikTok,2025-10-01 09:47:00
JX6017102700,Jakarta,J&T Express,SESI 1,1,ENZ-INH-ZTE,TT enzhico authorized store,TikTok,2025-10-01 09:47:00
JX6018111205,Jakarta,J&T Express,SESI 1,1,ENZ-INH-ZTE,TT enzhico authorized store,TikTok,2025-10-01 09:47:00
JX6019831004,Jakarta,J&T Express,SESI 1,1,ENZ-REF-ZCO,TT enzhico authorized store,TikTok,2025-10-01 09:47:00
SHP2097296468,Jakarta,Ninja Xpress,SESI 1,1,ENZ-INH-ZTE,SP enzhico,Shopee,2025-10-01 09:47:00
SPXID05051790700A,Jakarta,SPX Standard,SESI 1,1,ENZ-INH-ZTE,SP enzhico,Shopee,2025-10-01 09:47:00
SPXID05068073307A,Jakarta,SPX Standard,SESI 1,1,ENZ-INH-ZTE,SP enzhico,Shopee,2025-10-01 09:47:00
SPXID051303631969,Jakarta,SPX Standard,SESI 1,1,ENZ-REF-ZPO,SP enzhico,Shopee,2025-10-01 09:47:00
SPXID051405373709,Jakarta,SPX Hemat,SESI 1,1,ENZ-INH-ZCO,SP enzhico,Shopee,2025-10-01 09:47:00
SPXID051782686869,Jakarta,SPX Standard,SESI 1,2,ENZ-INH-ZMO,SP enzhico,Shopee,2025-10-01 09:47:00
SPXID05308808757A,Jakarta,SPX Standard,SESI 1,1,ENZ-INH-ZTE,SP enzhico,Shopee,2025-10-01 09:47:00
SPXID05308808757A,Jakarta,SPX Standard,SESI 1,1,ENZ-REF-ZTE,SP enzhico,Shopee,2025-10-01 09:47:00
SPXID05378688115A,Jakarta,SPX Hemat,SESI 1,1,ENZ-INH-ZPO,SP enzhico,Shopee,2025-10-01 09:47:00
SPXID05414959418A,Jakarta,SPX Standard,SESI 1,1,ENZ-INH-ZTE,SP enzhico,Shopee,2025-10-01 09:47:00
SPXID054194303389,Jakarta,SPX Hemat,SESI 1,1,ENZ-INH-ZTE,SP enzhico,Shopee,2025-10-01 09:47:00
SPXID054319508719,Jakarta,SPX Standard,SESI 1,3,ENZ-INH-ZMO,SP enzhico,Shopee,2025-10-01 09:47:00
SPXID054458692589,Jakarta,SPX Standard,SESI 1,1,ENZ-REF-ZTE,SP enzhico,Shopee,2025-10-01 09:47:00
SPXID054458692589,Jakarta,SPX Standard,SESI 1,1,ENZ-INH-ZTE,SP enzhico,Shopee,2025-10-01 09:47:00
SPXID05496268560A,Jakarta,SPX Standard,SESI 1,1,ENZ-INH-ZTE,SP enzhico,Shopee,2025-10-01 09:47:00
SPXID055382652119,Jakarta,SPX Hemat,SESI 1,1,ENZ-INH-ZMO,SP enzhico,Shopee,2025-10-01 09:47:00
SPXID057198478719,Jakarta,SPX Hemat,SESI 1,1,ENZ-INH-ZCO,SP enzhico,Shopee,2025-10-01 09:47:00
SPXID057216729619,Jakarta,SPX Standard,SESI 1,1,ENZ-INH-ZTE,SP enzhico,Shopee,2025-10-01 09:47:00
SPXID05728975205A,Jakarta,SPX Standard,SESI 1,1,ENZ-INH-ZTE,SP enzhico,Shopee,2025-10-01 09:47:00
SPXID05744654389A,Jakarta,SPX Hemat,SESI 1,1,ENZ-INH-ZCO,SP enzhico,Shopee,2025-10-01 09:47:00
SPXID057640795259,Jakarta,SPX Standard,SESI 1,1,ENZ-INH-ZCO,SP enzhico,Shopee,2025-10-01 09:47:00
SPXID057897379099,Jakarta,SPX Standard,SESI 1,2,ENZ-INH-ZTE,SP enzhico shop,Shopee,2025-10-01 09:47:00
SPXID057994720129,Jakarta,SPX Standard,SESI 1,1,ENZ-INH-ZMO,SP enzhico,Shopee,2025-10-01 09:47:00
SPXID057994720129,Jakarta,SPX Standard,SESI 1,1,ENZ-INH-ZCO,SP enzhico,Shopee,2025-10-01 09:47:00
SPXID05811780321A,Jakarta,SPX Standard,SESI 1,1,ENZ-INH-ZCO,SP enzhico store,Shopee,2025-10-01 09:47:00
SPXID05887003944A,Jakarta,SPX Standard,SESI 1,1,ENZ-INH-ZCO,SP enzhico,Shopee,2025-10-01 09:47:00
SPXID059775571179,Jakarta,SPX Standard,SESI 1,1,ENZ-INH-ZCO,SP enzhico,Shopee,2025-10-01 09:47:00
SPXID059925334219,Jakarta,SPX Hemat,SESI 1,1,ENZ-REF-ZTE,SP enzhico,Shopee,2025-10-01 09:47:00
SPXID059990089429,Jakarta,SPX Standard,SESI 1,1,ENZ-INH-ZMO,SP enzhico,Shopee,2025-10-01 09:47:00
SPXID059991123159,Jakarta,SPX Standard,SESI 1,1,ENZ-INH-ZTE,SP enzhico,Shopee,2025-10-01 09:47:00
TKP5065436310,Jakarta,J&T Express,SESI 1,1,ENZ-INH-ZTE,TT enzhico authorized store,TikTok,2025-10-01 09:47:00
004507940323,Jakarta,SiCepat Halu,SESI 2,1,ZYY-INH-02,SP zhi yang yao official store,Shopee,2025-10-01 11:30:00
11002666083076,Jakarta,Anteraja Reguler,SESI 2,1,ZYY-INH-02,SP zhi yang yao,Shopee,2025-10-01 11:30:00
11002666204934,Jakarta,Anteraja Reguler,SESI 2,1,ZYY-INH-02,SP zhi yang yao,Shopee,2025-10-01 11:30:00
11002666332152,Jakarta,Anteraja Reguler,SESI 2,1,ZYY-INH-02,SP zhi yang yao,Shopee,2025-10-01 11:30:00
11002666590558,Jakarta,Anteraja Reguler,SESI 2,1,ZYY-INH-02,SP zhi yang yao official store,Shopee,2025-10-01 11:30:00
11002666971654,Jakarta,Anteraja Reguler,SESI 2,1,ZYY-INH-02,SP zhi yang yao,Shopee,2025-10-01 11:30:00
2767721617557505072,Jakarta,SPX Instant,SESI 2,1,ZYY-INH-02,SP zhi yang yao official,Shopee,2025-10-01 11:30:00
CM37792246146,Jakarta,JNE Reguler,SESI 2,1,ZYY-INH-02,SP zhi yang yao official store,Shopee,2025-10-01 11:30:00
GTL7009630347,Jakarta,GoTo Logistics GTL,SESI 2,1,ZYY-INH-02,TT zhi yang yao,TikTok,2025-10-01 11:30:00
GTL7040090327,Jakarta,GoTo Logistics GTL,SESI 2,1,ZYY-INH-02,TT zhi yang yao,TikTok,2025-10-01 11:30:00
GTL7049400307,Jakarta,GoTo Logistics GTL,SESI 2,1,ZYY-INH-02,TT zhi yang yao,TikTok,2025-10-01 11:30:00
GTL7069610347,Jakarta,GoTo Logistics GTL,SESI 2,1,ZYY-INH-02,TT zhi yang yao,TikTok,2025-10-01 11:30:00
GTL7069620347,Jakarta,GoTo Logistics GTL,SESI 2,1,ZYY-INH-02,TT zhi yang yao,TikTok,2025-10-01 11:30:00
JX6002349791,Jakarta,J&T Express,SESI 2,1,ZYY-INH-02,TT zhi yang yao,TikTok,2025-10-01 11:30:00
JX6002389991,Jakarta,J&T Express,SESI 2,1,ZYY-INH-02,TT zhi yang yao,TikTok,2025-10-01 11:30:00
JX6003109291,Jakarta,J&T Express,SESI 2,1,ZYY-INH-02,TT zhi yang yao,TikTok,2025-10-01 11:30:00
JX6007718395,Jakarta,J&T Express,SESI 2,1,ZYY-INH-02,TT zhi yang yao,TikTok,2025-10-01 11:30:00
JX6010002715,Jakarta,J&T Express,SESI 2,1,ZYY-INH-02,TT zhi yang yao,TikTok,2025-10-01 11:30:00
JX6010129705,Jakarta,J&T Express,SESI 2,1,ZYY-INH-02,TT zhi yang yao,TikTok,2025-10-01 11:30:00
JX6010644908,Jakarta,J&T Express,SESI 2,1,ZYY-INH-02,TT zhi yang yao,TikTok,2025-10-01 11:30:00
JX6010727909,Jakarta,J&T Express,SESI 2,1,ZYY-INH-02,TT zhi yang yao,TikTok,2025-10-01 11:30:00
JX6010747909,Jakarta,J&T Express,SESI 2,1,ZYY-INH-02,TT zhi yang yao,TikTok,2025-10-01 11:30:00
JX6010867109,Jakarta,J&T Express,SESI 2,1,ZYY-INH-02,TT zhi yang yao,TikTok,2025-10-01 11:30:00
JX6011029805,Jakarta,J&T Express,SESI 2,1,ZYY-INH-02,TT zhi yang yao,TikTok,2025-10-01 11:30:00
JX6011151711,Jakarta,J&T Express,SESI 2,2,ZYY-INH-02,TT zhi yang yao,TikTok,2025-10-01 11:30:00
JX6011171711,Jakarta,J&T Express,SESI 2,1,ZYY-ROL-04,TT zhi yang yao,TikTok,2025-10-01 11:30:00
JX6011242515,Jakarta,J&T Express,SESI 2,1,ZYY-INH-02,TT zhi yang yao,TikTok,2025-10-01 11:30:00
JX6011362000,Jakarta,J&T Express,SESI 2,1,ZYY-INH-02,TT zhi yang yao,TikTok,2025-10-01 11:30:00
JX6011382000,Jakarta,J&T Express,SESI 2,1,ZYY-ROL-04,TT zhi yang yao,TikTok,2025-10-01 11:30:00
JX6011471719,Jakarta,J&T Express,SESI 2,1,ZYY-INH-02,TT zhi yang yao,TikTok,2025-10-01 11:30:00
JX6011703403,Jakarta,J&T Express,SESI 2,1,ZYY-INH-02,TT zhi yang yao,TikTok,2025-10-01 11:30:00
JX6011831104,Jakarta,J&T Express,SESI 2,1,ZYY-INH-02,TT zhi yang yao,TikTok,2025-10-01 11:30:00
JX6011917302,Jakarta,J&T Express,SESI 2,1,ZYY-INH-02,TT zhi yang yao,TikTok,2025-10-01 11:30:00
JX6011951004,Jakarta,J&T Express,SESI 2,1,ZYY-INH-02,TT zhi yang yao,TikTok,2025-10-01 11:30:00
JX6012881416,Jakarta,J&T Express,SESI 2,1,ZYY-INH-02,TT zhi yang yao,TikTok,2025-10-01 11:30:00
JX6013627809,Jakarta,J&T Express,SESI 2,1,ZYY-INH-02,TT zhi yang yao,TikTok,2025-10-01 11:30:00
JX6013801416,Jakarta,J&T Express,SESI 2,1,ZYY-INH-02,TT zhi yang yao,TikTok,2025-10-01 11:30:00
JX6014172619,Jakarta,J&T Express,SESI 2,2,ZYY-INH-02,TT zhi yang yao,TikTok,2025-10-01 11:30:00
JX6014322100,Jakarta,J&T Express,SESI 2,1,ZYY-INH-02,TT zhi yang yao,TikTok,2025-10-01 11:30:00
JX6014484308,Jakarta,J&T Express,SESI 2,1,ZYY-INH-02,TT zhi yang yao,TikTok,2025-10-01 11:30:00
JX6014531819,Jakarta,J&T Express,SESI 2,1,ZYY-INH-02,TT zhi yang yao,TikTok,2025-10-01 11:30:00
JX6014647809,Jakarta,J&T Express,SESI 2,1,ZYY-INH-02,TT zhi yang yao,TikTok,2025-10-01 11:30:00
JX6015129205,Jakarta,J&T Express,SESI 2,1,ZYY-INH-02,TT zhi yang yao,TikTok,2025-10-01 11:30:00
JX6015169205,Jakarta,J&T Express,SESI 2,1,ZYY-INH-02,TT zhi yang yao,TikTok,2025-10-01 11:30:00
JX6015651819,Jakarta,J&T Express,SESI 2,1,ZYY-INH-02,TT zhi yang yao,TikTok,2025-10-01 11:30:00
JX6015837602,Jakarta,J&T Express,SESI 2,1,ZYY-INH-02,TT zhi yang yao,TikTok,2025-10-01 11:30:00
JX6016054603,Jakarta,J&T Express,SESI 2,1,ZYY-INH-02,TT zhi yang yao,TikTok,2025-10-01 11:30:00
JX6017901816,Jakarta,J&T Express,SESI 2,1,ZYY-INH-02,TT zhi yang yao,TikTok,2025-10-01 11:30:00
JX6018289705,Jakarta,J&T Express,SESI 2,1,ZYY-INH-02,TT zhi yang yao,TikTok,2025-10-01 11:30:00
JX6018291711,Jakarta,J&T Express,SESI 2,1,ZYY-INH-02,TT zhi yang yao,TikTok,2025-10-01 11:30:00
JX6018547409,Jakarta,J&T Express,SESI 2,1,ZYY-INH-02,TT zhi yang yao,TikTok,2025-10-01 11:30:00
JX6018757202,Jakarta,J&T Express,SESI 2,2,ZYY-INH-02,TT zhi yang yao,TikTok,2025-10-01 11:30:00
JX6018777202,Jakarta,J&T Express,SESI 2,1,ZYY-INH-02,TT zhi yang yao,TikTok,2025-10-01 11:30:00
JX6018837202,Jakarta,J&T Express,SESI 2,1,ZYY-INH-02,TT zhi yang yao,TikTok,2025-10-01 11:30:00
JX6019229705,Jakarta,J&T Express,SESI 2,1,ZYY-INH-02,TT zhi yang yao,TikTok,2025-10-01 11:30:00
JX6019392319,Jakarta,J&T Express,SESI 2,1,ZYY-INH-02,TT zhi yang yao,TikTok,2025-10-01 11:30:00
SHP9031623908,Jakarta,Ninja Xpress,SESI 2,1,ZYY-SPR-60,SP zhi yang yao,Shopee,2025-10-01 11:30:00
SPXID05090393383A,Jakarta,SPX Standard,SESI 2,1,ZYY-INH-02,SP zhi yang yao official store,Shopee,2025-10-01 11:30:00
SPXID05292945088A,Jakarta,SPX Hemat,SESI 2,1,ZYY-INH-02,SP zhi yang yao,Shopee,2025-10-01 11:30:00
SPXID05401428245A,Jakarta,SPX Standard,SESI 2,1,ZYY-INH-02,SP zhi yang yao,Shopee,2025-10-01 11:30:00
SPXID05423121722A,Jakarta,SPX Standard,SESI 2,1,ZYY-INH-02,SP zhi yang yao official store,Shopee,2025-10-01 11:30:00
SPXID05641086892A,Jakarta,SPX Standard,SESI 2,1,ZYY-INH-02,SP zhi yang yao,Shopee,2025-10-01 11:30:00
SPXID05760801081A,Jakarta,SPX Hemat,SESI 2,1,ZYY-INH-02,SP zhi yang yao,Shopee,2025-10-01 11:30:00
SPXID05869138863A,Jakarta,SPX Standard,SESI 2,1,ZYY-INH-02,SP zhi yang yao official store,Shopee,2025-10-01 11:30:00
SPXID05873211571A,Jakarta,SPX Hemat,SESI 2,1,ZYY-INH-02,SP zhi yang yao,Shopee,2025-10-01 11:30:00
SPXID05879695535A,Jakarta,SPX Standard,SESI 2,1,ZYY-INH-02,SP zhi yang yao,Shopee,2025-10-01 11:30:00
SPXID05928537830A,Jakarta,SPX Standard,SESI 2,1,ZYY-INH-02,SP zhi yang yao,Shopee,2025-10-01 11:30:00
SPXID05934990362A,Jakarta,SPX Standard,SESI 2,2,ZYY-INH-02,SP zhi yang yao,Shopee,2025-10-01 11:30:00
TG7005851616,Jakarta,JNE-MP,SESI 2,2,ZYY-INH-02,TT zhi yang yao,TikTok,2025-10-01 11:30:00
TKP5065766320,Jakarta,J&T Express,SESI 2,1,ZYY-INH-02,TT zhi yang yao,TikTok,2025-10-01 11:30:00
GK-11-835021393,Jakarta,Gojek,SESI 2,2,ZYY-INH-02,TT zhi yang yao,TikTok,2025-10-01 11:30:00
GK-11-835021394,Jakarta,Gojek,SESI 2,1,ZYY-INH-02,TT zhi yang yao,TikTok,2025-10-01 11:30:00
GK-11-835021396,Jakarta,Gojek,SESI 2,1,ZYY-INH-02,TT zhi yang yao,TikTok,2025-10-01 11:30:00
GK-11-835021398,Jakarta,Gojek,SESI 2,1,ZYY-INH-02,TT zhi yang yao,TikTok,2025-10-01 11:30:00
JX6010301827,Jakarta,J&T Express,SESI 3,1,ENZ-ROL-ZPO,TT enzhico authorized store,TikTok,2025-10-01 14:29:00
JX6011401127,Jakarta,J&T Express,SESI 3,1,ENZ-ROL-ZCO,TT enzhico authorized store,TikTok,2025-10-01 14:29:00
JX6012471624,Jakarta,J&T Express,SESI 3,1,ENZ-INH-ZCO,TT enzhico authorized store,TikTok,2025-10-01 14:29:00
JX6012471624,Jakarta,J&T Express,SESI 3,1,LAN-HTM,TT enzhico authorized store,TikTok,2025-10-01 14:29:00
JX6013281727,Jakarta,J&T Express,SESI 3,1,ENZ-ROL-ZCO,TT enzhico authorized store,TikTok,2025-10-01 14:29:00
11002667205086,Jakarta,Anteraja Economy,SESI 3,1,ENZ-INH-ZCO,SP enzhico,Shopee,2025-10-01 14:29:00
11002668236852,Jakarta,Anteraja Sameday,SESI 3,1,ENZ-REF-ZMO,SP enzhico,Shopee,2025-10-01 14:29:00
JX6010257707,Jakarta,J&T Express,SESI 3,1,ENZ-INH-ZTE,TT enzhico authorized store,TikTok,2025-10-01 14:29:00
JX6010257707,Jakarta,J&T Express,SESI 3,1,ENZ-INH-ZCO,TT enzhico authorized store,TikTok,2025-10-01 14:29:00
JX6010381819,Jakarta,J&T Express,SESI 3,1,ENZ-INH-ZTE,TT enzhico authorized store,TikTok,2025-10-01 14:29:00
JX6010691213,Jakarta,J&T Express,SESI 3,1,ENZ-INH-ZTE,TT enzhico authorized store,TikTok,2025-10-01 14:29:00
JX6010691213,Jakarta,J&T Express,SESI 3,1,LAN-HTM,TT enzhico authorized store,TikTok,2025-10-01 14:29:00
JX6010831013,Jakarta,J&T Express,SESI 3,1,ENZ-INH-ZCO,TT enzhico authorized store,TikTok,2025-10-01 14:29:00
JX6010831013,Jakarta,J&T Express,SESI 3,1,LAN-HTM,TT enzhico authorized store,TikTok,2025-10-01 14:29:00
JX6011953012,Jakarta,J&T Express,SESI 3,1,ENZ-INH-ZCO,TT enzhico authorized store,TikTok,2025-10-01 14:29:00
JX6011953012,Jakarta,J&T Express,SESI 3,1,LAN-HTM,TT enzhico authorized store,TikTok,2025-10-01 14:29:00
JX6012223629,Jakarta,J&T Express,SESI 3,1,ENZ-INH-ZTE,TT enzhico authorized store,TikTok,2025-10-01 14:29:00
JX6012223629,Jakarta,J&T Express,SESI 3,1,LAN-HTM,TT enzhico authorized store,TikTok,2025-10-01 14:29:00
JX6012431624,Jakarta,J&T Express,SESI 3,1,ENZ-INH-ZTE,TT enzhico authorized store,TikTok,2025-10-01 14:29:00
JX6013163529,Jakarta,J&T Express,SESI 3,1,ENZ-INH-ZTE,TT enzhico authorized store,TikTok,2025-10-01 14:29:00
JX6013163529,Jakarta,J&T Express,SESI 3,1,LAN-HTM,TT enzhico authorized store,TikTok,2025-10-01 14:29:00
JX6013481527,Jakarta,J&T Express,SESI 3,1,ENZ-INH-ZCO,TT enzhico authorized store,TikTok,2025-10-01 14:29:00
JX6013481527,Jakarta,J&T Express,SESI 3,1,LAN-HTM,TT enzhico authorized store,TikTok,2025-10-01 14:29:00
JX6013637907,Jakarta,J&T Express,SESI 3,1,ENZ-INH-ZTE,TT enzhico authorized store,TikTok,2025-10-01 14:29:00
JX6015031724,Jakarta,J&T Express,SESI 3,1,ENZ-INH-ZTE,TT enzhico authorized store,TikTok,2025-10-01 14:29:00
JX6015201927,Jakarta,J&T Express,SESI 3,1,ENZ-INH-ZCO,TT enzhico authorized store,TikTok,2025-10-01 14:29:00
JX6015201927,Jakarta,J&T Express,SESI 3,1,LAN-HTM,TT enzhico authorized store,TikTok,2025-10-01 14:29:00
JX6015401527,Jakarta,J&T Express,SESI 3,1,ENZ-INH-ZTE,TT enzhico authorized store,TikTok,2025-10-01 14:29:00
JX6015401527,Jakarta,J&T Express,SESI 3,1,LAN-HTM,TT enzhico authorized store,TikTok,2025-10-01 14:29:00
JX6016141119,Jakarta,J&T Express,SESI 3,1,ENZ-REF-ZCO,TT enzhico authorized store,TikTok,2025-10-01 14:29:00
JX6016733112,Jakarta,J&T Express,SESI 3,1,ENZ-INH-ZCO,TT enzhico authorized store,TikTok,2025-10-01 14:29:00
JX6017303329,Jakarta,J&T Express,SESI 3,1,ENZ-INH-ZMO,TT enzhico authorized store,TikTok,2025-10-01 14:29:00
JX6017303329,Jakarta,J&T Express,SESI 3,1,LAN-HTM,TT enzhico authorized store,TikTok,2025-10-01 14:29:00
JX6017303329,Jakarta,J&T Express,SESI 3,1,ENZ-REF-ZMO,TT enzhico authorized store,TikTok,2025-10-01 14:29:00
JX6017328604,Jakarta,J&T Express,SESI 3,1,ENZ-INH-ZCO,TT enzhico authorized store,TikTok,2025-10-01 14:29:00
JX6017328604,Jakarta,J&T Express,SESI 3,1,LAN-KMR,TT enzhico authorized store,TikTok,2025-10-01 14:29:00
JX6018173829,Jakarta,J&T Express,SESI 3,1,ENZ-INH-ZTE,TT enzhico authorized store,TikTok,2025-10-01 14:29:00
JX6019301727,Jakarta,J&T Express,SESI 3,1,ENZ-INH-ZTE,TT enzhico authorized store,TikTok,2025-10-01 14:29:00
JX6019301727,Jakarta,J&T Express,SESI 3,1,LAN-HTM,TT enzhico authorized store,TikTok,2025-10-01 14:29:00
SHP0800910957,Jakarta,Ninja Xpress,SESI 3,1,ENZ-INH-ZCO,SP enzhico,Shopee,2025-10-01 14:29:00
SHP1536386821,Jakarta,Ninja Xpress,SESI 3,1,ENZ-INH-ZCO,SP enzhico,Shopee,2025-10-01 14:29:00
SHP1536386821,Jakarta,Ninja Xpress,SESI 3,1,LAN-KMR,SP enzhico,Shopee,2025-10-01 14:29:00
SHP5613677604,Jakarta,Ninja Xpress,SESI 3,1,ENZ-INH-ZTE,SP enzhico,Shopee,2025-10-01 14:29:00
SPXID05195028438A,Jakarta,SPX Standard,SESI 3,1,ENZ-INH-ZTE,SP enzhico,Shopee,2025-10-01 14:29:00
SPXID05409458519A,Jakarta,SPX Hemat,SESI 3,1,ENZ-INH-ZCO,SP enzhico,Shopee,2025-10-01 14:29:00
SPXID05746623795A,Jakarta,SPX Standard,SESI 3,1,ENZ-INH-ZPO,SP enzhico,Shopee,2025-10-01 14:29:00
SPXID05758944994A,Jakarta,SPX Standard,SESI 3,1,ENZ-INH-ZTE,SP enzhico,Shopee,2025-10-01 14:29:00
11002668321163,Jakarta,Anteraja Economy,SESI 3,1,ERA-ROL-STD,SP erassgo,Shopee,2025-10-01 14:29:00
11002668322861,Jakarta,Anteraja Economy,SESI 3,1,ERA-ROL-STD,SP erassgo,Shopee,2025-10-01 14:29:00
SPXID05121816263A,Jakarta,SPX Hemat,SESI 3,1,ERA-ROL-STD,SP erassgo official store,Shopee,2025-10-01 14:29:00
SPXID05380097627A,Jakarta,SPX Hemat,SESI 3,1,ERA-ROL-STD-2-PCS,SP erassgo,Shopee,2025-10-01 14:29:00
SPXID05596745185A,Jakarta,SPX Standard,SESI 3,1,ERA-ROL-STD,SP erassgo official store,Shopee,2025-10-01 14:29:00
SPXID05918317127A,Jakarta,SPX Hemat,SESI 3,1,ERA-ROL-STD,SP erassgo,Shopee,2025-10-01 14:29:00
004507951164,Jakarta,SiCepat Halu,SESI 3,1,ZYY-INH-02,SP zhi yang yao official store,Shopee,2025-10-01 14:42:00
004508021833,Jakarta,SiCepat Halu,SESI 3,1,ZYY-INH-02,SP zhi yang yao official store,Shopee,2025-10-01 14:42:00
004508042757,Jakarta,SiCepat REG,SESI 3,1,ZYY-INH-02,SP zhi yang yao,Shopee,2025-10-01 14:42:00
004508085401,Jakarta,SiCepat REG,SESI 3,1,ZYY-INH-02,SP zhi yang yao,Shopee,2025-10-01 14:42:00
11002667371026,Jakarta,Anteraja Reguler,SESI 3,1,ZYY-INH-02,SP zhi yang yao,Shopee,2025-10-01 14:42:00
11002668133337,Jakarta,Anteraja Economy,SESI 3,1,ZYY-INH-02,SP zhi yang yao,Shopee,2025-10-01 14:42:00
11002668494230,Bandung,Anteraja Economy,SESI 3,1,ZYY-INH-02,SP zhi yang yao official,Shopee,2025-10-01 14:42:00
CM13942605964,Jakarta,JNE Reguler,SESI 3,1,ZYY-INH-02,SP zhi yang yao official store,Shopee,2025-10-01 14:42:00
CM38335607272,Jakarta,JNE Reguler,SESI 3,1,ZYY-INH-02,SP zhi yang yao,Shopee,2025-10-01 14:42:00
GTL7012910477,Jakarta,GoTo Logistics GTL,SESI 3,1,ZYY-INH-02,TT zhi yang yao,TikTok,2025-10-01 14:42:00
GTL7032910477,Jakarta,GoTo Logistics GTL,SESI 3,1,ZYY-INH-02,TT zhi yang yao,TikTok,2025-10-01 14:42:00
GTL7040100477,Jakarta,GoTo Logistics GTL,SESI 3,1,ZYY-INH-02,TT zhi yang yao,TikTok,2025-10-01 14:42:00
GTL7062190397,Jakarta,GoTo Logistics GTL,SESI 3,1,ZYY-INH-02,TT zhi yang yao,TikTok,2025-10-01 14:42:00
GTL7064610437,Jakarta,GoTo Logistics GTL,SESI 3,1,ZYY-INH-02,TT zhi yang yao,TikTok,2025-10-01 14:42:00
GTL7079790477,Jakarta,GoTo Logistics GTL,SESI 3,1,ZYY-INH-02,TT zhi yang yao,TikTok,2025-10-01 14:42:00
GTL7082190397,Jakarta,GoTo Logistics GTL,SESI 3,1,ZYY-INH-02,TT zhi yang yao,TikTok,2025-10-01 14:42:00
GTL7097320497,Jakarta,GoTo Logistics GTL,SESI 3,1,ZYY-INH-02,TT zhi yang yao,TikTok,2025-10-01 14:42:00
JX6010014818,Jakarta,J&T Express,SESI 3,1,ZYY-INH-02,TT zhi yang yao,TikTok,2025-10-01 14:42:00
JX6011094412,Jakarta,J&T Express,SESI 3,1,ZYY-INH-02,TT zhi yang yao,TikTok,2025-10-01 14:42:00
JX6012014412,Jakarta,J&T Express,SESI 3,1,ZYY-INH-02,TT zhi yang yao,TikTok,2025-10-01 14:42:00
JX6012541621,Jakarta,J&T Express,SESI 3,1,ZYY-INH-02,TT zhi yang yao,TikTok,2025-10-01 14:42:00
JX6012561021,Jakarta,J&T Express,SESI 3,2,ZYY-INH-02,TT zhi yang yao,TikTok,2025-10-01 14:42:00
JX6012772626,Jakarta,J&T Express,SESI 3,2,ZYY-INH-02,TT zhi yang yao,TikTok,2025-10-01 14:42:00
JX6012930728,Jakarta,J&T Express,SESI 3,1,ZYY-INH-02,TT zhi yang yao,TikTok,2025-10-01 14:42:00
JX6013576525,Jakarta,J&T Express,SESI 3,2,ZYY-INH-02,TT zhi yang yao,TikTok,2025-10-01 14:42:00
JX6013601921,Jakarta,J&T Express,SESI 3,1,ZYY-INH-02,TT zhi yang yao,TikTok,2025-10-01 14:42:00
JX6013676825,Jakarta,J&T Express,SESI 3,2,ZYY-INH-02,TT zhi yang yao,TikTok,2025-10-01 14:42:00
JX6013821021,Jakarta,J&T Express,SESI 3,1,ZYY-INH-02,TT zhi yang yao,TikTok,2025-10-01 14:42:00
JX6013861821,Jakarta,J&T Express,SESI 3,1,ZYY-INH-02,TT zhi yang yao,TikTok,2025-10-01 14:42:00
JX6013881821,Jakarta,J&T Express,SESI 3,1,ZYY-INH-02,TT zhi yang yao,TikTok,2025-10-01 14:42:00
JX6014130029,Jakarta,J&T Express,SESI 3,1,ZYY-INH-02,TT zhi yang yao,TikTok,2025-10-01 14:42:00
JX6014130329,Jakarta,J&T Express,SESI 3,1,ZYY-INH-02,TT zhi yang yao,TikTok,2025-10-01 14:42:00
JX6014676125,Jakarta,J&T Express,SESI 3,1,ZYY-INH-02,TT zhi yang yao,TikTok,2025-10-01 14:42:00
JX6015165312,Jakarta,J&T Express,SESI 3,1,ZYY-INH-02,TT zhi yang yao,TikTok,2025-10-01 14:42:00
JX6015290429,Jakarta,J&T Express,SESI 3,1,ZYY-INH-02,TT zhi yang yao,TikTok,2025-10-01 14:42:00
JX6015794711,Jakarta,J&T Express,SESI 3,1,ZYY-INH-02,TT zhi yang yao,TikTok,2025-10-01 14:42:00
JX6015881821,Jakarta,J&T Express,SESI 3,1,ZYY-INH-02,TT zhi yang yao,TikTok,2025-10-01 14:42:00
JX6015986327,Jakarta,J&T Express,SESI 3,1,ZYY-INH-02,TT zhi yang yao,TikTok,2025-10-01 14:42:00
JX6016070829,Jakarta,J&T Express,SESI 3,1,ZYY-INH-02,TT zhi yang yao,TikTok,2025-10-01 14:42:00
JX6016270429,Jakarta,J&T Express,SESI 3,1,ZYY-INH-02,TT zhi yang yao,TikTok,2025-10-01 14:42:00
JX6016496925,Jakarta,J&T Express,SESI 3,1,ZYY-INH-02,TT zhi yang yao,TikTok,2025-10-01 14:42:00
JX6016566227,Jakarta,J&T Express,SESI 3,1,ZYY-INH-02,TT zhi yang yao,TikTok,2025-10-01 14:42:00
JX6018130929,Jakarta,J&T Express,SESI 3,1,ZYY-INH-02,TT zhi yang yao,TikTok,2025-10-01 14:42:00
JX6018150929,Jakarta,J&T Express,SESI 3,1,ZYY-INH-02,TT zhi yang yao,TikTok,2025-10-01 14:42:00
JX6018536125,Jakarta,J&T Express,SESI 3,1,ZYY-INH-02,TT zhi yang yao,TikTok,2025-10-01 14:42:00
JX6018761621,Jakarta,J&T Express,SESI 3,1,ZYY-INH-02,TT zhi yang yao,TikTok,2025-10-01 14:42:00
JX6018861121,Jakarta,J&T Express,SESI 3,1,ZYY-INH-02,TT zhi yang yao,TikTok,2025-10-01 14:42:00
JX6018894917,Jakarta,J&T Express,SESI 3,2,ZYY-INH-02,TT zhi yang yao,TikTok,2025-10-01 14:42:00
JX6019284715,Jakarta,J&T Express,SESI 3,1,ZYY-INH-02,TT zhi yang yao,TikTok,2025-10-01 14:42:00
JX6019686627,Jakarta,J&T Express,SESI 3,1,ZYY-INH-02,TT zhi yang yao,TikTok,2025-10-01 14:42:00
LXAD-5059126893,Jakarta,standard,SESI 3,1,ZYY-INH-02,LZ zhi yang yao,Lazada,2025-10-01 14:42:00
LXAD-5059153782,Jakarta,standard,SESI 3,1,ZYY-INH-02,LZ zhi yang yao,Lazada,2025-10-01 14:42:00
SPXID05022463282A,Jakarta,SPX Standard,SESI 3,1,ZYY-INH-02,SP zhi yang yao,Shopee,2025-10-01 14:42:00
SPXID05048961876A,Jakarta,SPX Hemat,SESI 3,1,ZYY-INH-02,SP zhi yang yao official store,Shopee,2025-10-01 14:42:00
SPXID05049168253A,Jakarta,SPX Hemat,SESI 3,1,ZYY-INH-02,SP zhi yang yao,Shopee,2025-10-01 14:42:00
SPXID05082533369A,Jakarta,SPX Standard,SESI 3,1,ZYY-INH-02,SP zhi yang yao official store,Shopee,2025-10-01 14:42:00
SPXID05106303967A,Jakarta,SPX Standard,SESI 3,1,ZYY-INH-02,SP zhi yang yao official store,Shopee,2025-10-01 14:42:00
SPXID05200520048A,Bandung,SPX Hemat,SESI 3,1,ZYY-INH-02,SP zhi yang yao official,Shopee,2025-10-01 14:42:00
SPXID05256725716A,Jakarta,SPX Standard,SESI 3,1,ZYY-INH-02,SP zhi yang yao official store,Shopee,2025-10-01 14:42:00
SPXID05441048035A,Jakarta,SPX Standard,SESI 3,1,ZYY-INH-02,SP zhi yang yao,Shopee,2025-10-01 14:42:00
SPXID05539608030A,Jakarta,SPX Standard,SESI 3,1,ZYY-INH-02,SP zhi yang yao,Shopee,2025-10-01 14:42:00
SPXID05542528892A,Jakarta,SPX Standard,SESI 3,1,ZYY-INH-02,SP zhi yang yao official store,Shopee,2025-10-01 14:42:00
SPXID05633175625A,Jakarta,SPX Standard,SESI 3,1,ZYY-INH-02,SP zhi yang yao official store,Shopee,2025-10-01 14:42:00
SPXID05657657185A,Jakarta,SPX Standard,SESI 3,1,ZYY-INH-02,SP zhi yang yao official store,Shopee,2025-10-01 14:42:00
SPXID05930849092A,Jakarta,SPX Standard,SESI 3,1,ZYY-INH-02,SP zhi yang yao,Shopee,2025-10-01 14:42:00
TKP5032936330,Jakarta,J&T Express,SESI 3,1,ZYY-INH-02,TT zhi yang yao,TikTok,2025-10-01 14:42:00
004508100753,Jakarta,SiCepat REG,SESI 4,1,ZYY-INH-02,SP zhi yang yao,Shopee,2025-10-01 16:30:00
004508120994,Jakarta,SiCepat REG,SESI 4,1,ZYY-INH-02,SP zhi yang yao,Shopee,2025-10-01 16:30:00
004508128033,Jakarta,SiCepat REG,SESI 4,1,ZYY-INH-02,SP zhi yang yao,Shopee,2025-10-01 16:30:00
004508142111,Jakarta,SiCepat REG,SESI 4,1,ZYY-INH-02,SP zhi yang yao,Shopee,2025-10-01 16:30:00
11002668775719,Jakarta,Anteraja Economy,SESI 4,1,ZYY-INH-02,SP zhi yang yao,Shopee,2025-10-01 16:30:00
2767926645869568985,Jakarta,SPX Sameday,SESI 4,1,ZYY-INH-02,SP zhi yang yao official store,Shopee,2025-10-01 16:30:00
2767985078011904704,Jakarta,SPX Instant,SESI 4,1,ZYY-INH-02,SP zhi yang yao,Shopee,2025-10-01 16:30:00
GK-11-835102306,Jakarta,Gojek,SESI 4,1,ZYY-INH-02,TT zhi yang yao,TikTok,2025-10-01 16:30:00
GK-11-835106490,Jakarta,Gojek,SESI 4,1,ZYY-INH-02,TT zhi yang yao,TikTok,2025-10-01 16:30:00
GTL7011330537,Jakarta,GoTo Logistics GTL,SESI 4,2,ZYY-INH-02,TT zhi yang yao,TikTok,2025-10-01 16:30:00
GTL7015800547,Jakarta,GoTo Logistics GTL,SESI 4,2,ZYY-INH-02,TT zhi yang yao,TikTok,2025-10-01 16:30:00
GTL7031330537,Jakarta,GoTo Logistics GTL,SESI 4,1,ZYY-INH-02,TT zhi yang yao,TikTok,2025-10-01 16:30:00
GTL7068940517,Jakarta,GoTo Logistics GTL,SESI 4,1,ZYY-ROL-04,TT zhi yang yao,TikTok,2025-10-01 16:30:00
IDS8002673383085,Jakarta,ID Express,SESI 4,1,ZYY-INH-02,SP zhi yang yao,Shopee,2025-10-01 16:30:00
IDS8003552690462,Jakarta,ID Express,SESI 4,1,ZYY-INH-02,SP zhi yang yao,Shopee,2025-10-01 16:30:00
JX6010154536,Jakarta,J&T Express,SESI 4,1,ZYY-INH-02,TT zhi yang yao,TikTok,2025-10-01 16:30:00
JX6010199029,Jakarta,J&T Express,SESI 4,1,ZYY-INH-02,TT zhi yang yao,TikTok,2025-10-01 16:30:00
JX6010615033,Jakarta,J&T Express,SESI 4,1,ZYY-SPR-30,TT zhi yang yao,TikTok,2025-10-01 16:30:00
JX6010802732,Jakarta,J&T Express,SESI 4,1,ZYY-INH-02,TT zhi yang yao,TikTok,2025-10-01 16:30:00
JX6010825634,Jakarta,J&T Express,SESI 4,1,ZYY-SPR-60,TT zhi yang yao,TikTok,2025-10-01 16:30:00
JX6010845634,Jakarta,J&T Express,SESI 4,1,ZYY-ROL-04,TT zhi yang yao,TikTok,2025-10-01 16:30:00
JX6010865634,Jakarta,J&T Express,SESI 4,1,ZYY-ROL-04,TT zhi yang yao,TikTok,2025-10-01 16:30:00
JX6010902332,Jakarta,J&T Express,SESI 4,1,ZYY-INH-02,TT zhi yang yao,TikTok,2025-10-01 16:30:00
JX6011239529,Jakarta,J&T Express,SESI 4,1,ZYY-INH-02,TT zhi yang yao,TikTok,2025-10-01 16:30:00
JX6011399229,Jakarta,J&T Express,SESI 4,1,ZYY-INH-02,TT zhi yang yao,TikTok,2025-10-01 16:30:00
JX6011413134,Jakarta,J&T Express,SESI 4,2,ZYY-INH-02,TT zhi yang yao,TikTok,2025-10-01 16:30:00
JX6012175934,Jakarta,J&T Express,SESI 4,1,ZYY-INH-02,TT zhi yang yao,TikTok,2025-10-01 16:30:00
JX6012223036,Jakarta,J&T Express,SESI 4,1,ZYY-INH-02,TT zhi yang yao,TikTok,2025-10-01 16:30:00
JX6012297326,Jakarta,J&T Express,SESI 4,1,ZYY-INH-02,TT zhi yang yao,TikTok,2025-10-01 16:30:00
JX6012905335,Jakarta,J&T Express,SESI 4,1,ZYY-INH-02,TT zhi yang yao,TikTok,2025-10-01 16:30:00
JX6012994835,Jakarta,J&T Express,SESI 4,1,ZYY-INH-02,TT zhi yang yao,TikTok,2025-10-01 16:30:00
JX6013057526,Jakarta,J&T Express,SESI 4,1,ZYY-INH-02,TT zhi yang yao,TikTok,2025-10-01 16:30:00
JX6013143336,Jakarta,J&T Express,SESI 4,1,ZYY-INH-02,TT zhi yang yao,TikTok,2025-10-01 16:30:00
JX6013197626,Jakarta,J&T Express,SESI 4,1,ZYY-INH-02,TT zhi yang yao,TikTok,2025-10-01 16:30:00
JX6013273234,Jakarta,J&T Express,SESI 4,1,ZYY-INH-02,TT zhi yang yao,TikTok,2025-10-01 16:30:00
JX6013615637,Jakarta,J&T Express,SESI 4,1,ZYY-INH-02,TT zhi yang yao,TikTok,2025-10-01 16:30:00
JX6013934835,Jakarta,J&T Express,SESI 4,1,ZYY-INH-02,TT zhi yang yao,TikTok,2025-10-01 16:30:00
JX6014012331,Jakarta,J&T Express,SESI 4,1,ZYY-INH-02,TT zhi yang yao,TikTok,2025-10-01 16:30:00
JX6014175733,Jakarta,J&T Express,SESI 4,1,ZYY-INH-02,TT zhi yang yao,TikTok,2025-10-01 16:30:00
JX6014237326,Jakarta,J&T Express,SESI 4,1,ZYY-INH-02,TT zhi yang yao,TikTok,2025-10-01 16:30:00
JX6014480731,Jakarta,J&T Express,SESI 4,1,ZYY-INH-02,TT zhi yang yao,TikTok,2025-10-01 16:30:00
JX6014702032,Jakarta,J&T Express,SESI 4,1,ZYY-INH-02,TT zhi yang yao,TikTok,2025-10-01 16:30:00
JX6014795237,Jakarta,J&T Express,SESI 4,1,ZYY-INH-02,TT zhi yang yao,TikTok,2025-10-01 16:30:00
JX6014982632,Jakarta,J&T Express,SESI 4,1,ZYY-INH-02,TT zhi yang yao,TikTok,2025-10-01 16:30:00
JX6015177926,Jakarta,J&T Express,SESI 4,1,ZYY-INH-02,TT zhi yang yao,TikTok,2025-10-01 16:30:00
JX6015294036,Jakarta,J&T Express,SESI 4,1,ZYY-INH-02,TT zhi yang yao,TikTok,2025-10-01 16:30:00
JX6015420731,Jakarta,J&T Express,SESI 4,1,ZYY-INH-02,TT zhi yang yao,TikTok,2025-10-01 16:30:00
JX6015580031,Jakarta,J&T Express,SESI 4,1,ZYY-INH-02,TT zhi yang yao,TikTok,2025-10-01 16:30:00
JX6015882332,Jakarta,J&T Express,SESI 4,1,ZYY-INH-02,TT zhi yang yao,TikTok,2025-10-01 16:30:00
JX6016274036,Jakarta,J&T Express,SESI 4,1,ZYY-INH-02,TT zhi yang yao,TikTok,2025-10-01 16:30:00
JX6016400131,Jakarta,J&T Express,SESI 4,1,ZYY-INH-02,TT zhi yang yao,TikTok,2025-10-01 16:30:00
JX6016464037,Jakarta,J&T Express,SESI 4,1,ZYY-INH-02,TT zhi yang yao,TikTok,2025-10-01 16:30:00
JX6016500031,Jakarta,J&T Express,SESI 4,1,ZYY-INH-02,TT zhi yang yao,TikTok,2025-10-01 16:30:00
JX6017417426,Jakarta,J&T Express,SESI 4,1,ZYY-INH-02,TT zhi yang yao,TikTok,2025-10-01 16:30:00
JX6017742932,Jakarta,J&T Express,SESI 4,1,ZYY-INH-02,TT zhi yang yao,TikTok,2025-10-01 16:30:00
JX6017784237,Jakarta,J&T Express,SESI 4,1,ZYY-INH-02,TT zhi yang yao,TikTok,2025-10-01 16:30:00
JX6018083836,Jakarta,J&T Express,SESI 4,1,ZYY-INH-02,TT zhi yang yao,TikTok,2025-10-01 16:30:00
JX6018745834,Jakarta,J&T Express,SESI 4,1,ZYY-INH-02,TT zhi yang yao,TikTok,2025-10-01 16:30:00
JX6018782932,Jakarta,J&T Express,SESI 4,1,ZYY-INH-02,TT zhi yang yao,TikTok,2025-10-01 16:30:00
JX6019042733,Jakarta,J&T Express,SESI 4,1,ZYY-INH-02,TT zhi yang yao,TikTok,2025-10-01 16:30:00
JX6019672130,Jakarta,J&T Express,SESI 4,1,ZYY-INH-02,TT zhi yang yao,TikTok,2025-10-01 16:30:00
JX6019732030,Jakarta,J&T Express,SESI 4,1,ZYY-INH-02,TT zhi yang yao,TikTok,2025-10-01 16:30:00
SPXID05225345475A,Jakarta,SPX Standard,SESI 4,1,ZYY-INH-02,SP zhi yang yao,Shopee,2025-10-01 16:30:00
SPXID05346370355A,Jakarta,SPX Standard,SESI 4,1,ZYY-INH-02,SP zhi yang yao,Shopee,2025-10-01 16:30:00
SPXID05441358760A,Jakarta,SPX Standard,SESI 4,2,ZYY-INH-02,SP zhi yang yao official store,Shopee,2025-10-01 16:30:00
SPXID05451035595A,Jakarta,SPX Standard,SESI 4,1,ZYY-INH-02,SP zhi yang yao mart,Shopee,2025-10-01 16:30:00
SPXID05520949774A,Jakarta,SPX Hemat,SESI 4,1,ZYY-INH-02,SP zhi yang yao,Shopee,2025-10-01 16:30:00
SPXID05579155553A,Jakarta,SPX Hemat,SESI 4,1,ZYY-INH-02,SP zhi yang yao,Shopee,2025-10-01 16:30:00
SPXID05591300002A,Jakarta,SPX Standard,SESI 4,1,ZYY-INH-02,SP zhi yang yao,Shopee,2025-10-01 16:30:00
SPXID05592416466A,Jakarta,SPX Hemat,SESI 4,1,ZYY-INH-02,SP zhi yang yao mart,Shopee,2025-10-01 16:30:00
SPXID05707663701A,Jakarta,SPX Hemat,SESI 4,1,ZYY-INH-02,SP zhi yang yao,Shopee,2025-10-01 16:30:00
SPXID05742897937A,Jakarta,SPX Standard,SESI 4,1,ZYY-INH-02,SP zhi yang yao official store,Shopee,2025-10-01 16:30:00
SPXID05805775678A,Jakarta,SPX Standard,SESI 4,1,ZYY-INH-02,SP zhi yang yao,Shopee,2025-10-01 16:30:00
SPXID05814046296A,Jakarta,SPX Hemat,SESI 4,1,ZYY-INH-02,SP zhi yang yao mart,Shopee,2025-10-01 16:30:00
SPXID05928313674A,Jakarta,SPX Standard,SESI 4,1,ZYY-INH-02,SP zhi yang yao,Shopee,2025-10-01 16:30:00
JX6011002337,Jakarta,J&T Express,SESI 4,1,ENZ-INH-ZTE,TT enzhico authorized store,TikTok,2025-10-01 16:00:00
JX6011002337,Jakarta,J&T Express,SESI 4,1,LAN-HTM,TT enzhico authorized store,TikTok,2025-10-01 16:00:00
JX6012269527,Jakarta,J&T Express,SESI 4,1,ENZ-INH-ZTE,TT enzhico authorized store,TikTok,2025-10-01 16:00:00
JX6012293034,Jakarta,J&T Express,SESI 4,1,ENZ-INH-ZTE,TT enzhico authorized store,TikTok,2025-10-01 16:00:00
JX6014599825,Jakarta,J&T Express,SESI 4,1,ENZ-INH-ZCO,TT enzhico authorized store,TikTok,2025-10-01 16:00:00
JX6014599825,Jakarta,J&T Express,SESI 4,1,LAN-HTM,TT enzhico authorized store,TikTok,2025-10-01 16:00:00
JX6015379625,Jakarta,J&T Express,SESI 4,1,ENZ-INH-ZCO,TT enzhico authorized store,TikTok,2025-10-01 16:00:00
JX6016249327,Jakarta,J&T Express,SESI 4,1,ENZ-INH-ZTE,TT enzhico authorized store,TikTok,2025-10-01 16:00:00
JX6016249327,Jakarta,J&T Express,SESI 4,1,LAN-HTM,TT enzhico authorized store,TikTok,2025-10-01 16:00:00
JX6016965739,Jakarta,J&T Express,SESI 4,1,ENZ-INH-ZCO,TT enzhico authorized store,TikTok,2025-10-01 16:00:00
JX6016965739,Jakarta,J&T Express,SESI 4,1,LAN-HTM,TT enzhico authorized store,TikTok,2025-10-01 16:00:00
JX6016989826,Jakarta,J&T Express,SESI 4,1,ENZ-INH-ZTE,TT enzhico authorized store,TikTok,2025-10-01 16:00:00
JX6017066530,Jakarta,J&T Express,SESI 4,2,ENZ-INH-ZCO,TT enzhico authorized store,TikTok,2025-10-01 16:00:00
JX6017199925,Jakarta,J&T Express,SESI 4,1,ENZ-INH-ZTE,TT enzhico authorized store,TikTok,2025-10-01 16:00:00
JX6018406831,Jakarta,J&T Express,SESI 4,1,ENZ-INH-ZCO,TT enzhico authorized store,TikTok,2025-10-01 16:00:00
JX6018406831,Jakarta,J&T Express,SESI 4,1,LAN-HTM,TT enzhico authorized store,TikTok,2025-10-01 16:00:00
JX6019182537,Jakarta,J&T Express,SESI 4,1,ENZ-REF-ZTE,TT enzhico authorized store,TikTok,2025-10-01 16:00:00
SPXID05618686417A,Jakarta,SPX Standard,SESI 4,1,ENZ-INH-ZCO,SP enzhico,Shopee,2025-10-01 16:00:00
TKP5002946340,Jakarta,J&T Express,SESI 4,1,ENZ-INH-ZCO,TT enzhico authorized store,TikTok,2025-10-01 16:00:00
TKP5002946340,Jakarta,J&T Express,SESI 4,1,LAN-HTM,TT enzhico authorized store,TikTok,2025-10-01 16:00:00
TKP5022946340,Jakarta,J&T Express,SESI 4,1,ENZ-REF-ZCO,TT enzhico authorized store,TikTok,2025-10-01 16:00:00
TKP5022946340,Jakarta,J&T Express,SESI 4,1,ENZ-REF-ZTE,TT enzhico authorized store,TikTok,2025-10-01 16:00:00
SPXID05765377193A,Jakarta,SPX Standard,SESI 4,1,ERA-ROL-STD,SP erassgo official store,Shopee,2025-10-01 16:00:00
2767874727857152985,Jakarta,SPX Instant,SESI 3,1,ZYY-INH-02,SP zhi yang yao official store,Shopee,2025-10-01 14:30:00
